symbol,region_id,chr,start,end,strand,time,dmso_mean_signal,gsk591_mean_signal,log2FC_GSK591_vs_DMSO
histone_body|H2BC18|chr1:149782688-149812373:-,histone_body|histone_body|H2BC18|chr1:149782688-149812373:-|chr1:149782688-149812373:-,chr1,149782688,149812373,-,24h,0.177873859547177,0.167091162942535,-0.0896986889811058
histone_body|H3C13|chr1:149813224-149813693:-,histone_body|histone_body|H3C13|chr1:149813224-149813693:-|chr1:149813224-149813693:-,chr1,149813224,149813693,-,24h,1.57748430700444,0.82040552588414,-0.942373359738431
histone_body|H4C14|chr1:149832656-149839767:+,histone_body|histone_body|H4C14|chr1:149832656-149839767:+|chr1:149832656-149839767:+,chr1,149832656,149839767,+,24h,0,0,0
histone_body|H3C14|chr1:149840686-149841208:-,histone_body|histone_body|H3C14|chr1:149840686-149841208:-|chr1:149840686-149841208:-,chr1,149840686,149841208,-,24h,0,0,0
histone_body|H2BC19P|chr1:149843040-149843533:+,histone_body|histone_body|H2BC19P|chr1:149843040-149843533:+|chr1:149843040-149843533:+,chr1,149843040,149843533,+,24h,0.246863595733294,0.130599401105369,-0.913393471678437
histone_body|H2BC20P|chr1:149850192-149850772:-,histone_body|histone_body|H2BC20P|chr1:149850192-149850772:-|chr1:149850192-149850772:-,chr1,149850192,149850772,-,24h,0.157320395625871,0.413763530501004,1.38944192319809
histone_body|H3C15|chr1:149852607-149853125:+,histone_body|histone_body|H3C15|chr1:149852607-149853125:+|chr1:149852607-149853125:+,chr1,149852607,149853125,+,24h,0,0,0
histone_body|H4C15|chr1:149854044-149861159:-,histone_body|histone_body|H4C15|chr1:149854044-149861159:-|chr1:149854044-149861159:-,chr1,149854044,149861159,-,24h,0,0.0033093128753898,2.10745784836397
histone_body|H2BC21|chr1:149884458-149886682:-,histone_body|histone_body|H2BC21|chr1:149884458-149886682:-|chr1:149884458-149886682:-,chr1,149884458,149886682,-,24h,6.67689992915266,4.28862264169845,-0.638543734876528
histone_body|H2AC20|chr1:149886917-149887411:+,histone_body|histone_body|H2AC20|chr1:149886917-149887411:+|chr1:149886917-149887411:+,chr1,149886917,149887411,+,24h,8.08950407012754,5.27409810153579,-0.617031666997852
histone_body|H2AC21|chr1:149887468-149887965:-,histone_body|histone_body|H2AC21|chr1:149887468-149887965:-|chr1:149887468-149887965:-,chr1,149887468,149887965,-,24h,8.12295972317517,7.18059961848576,-0.177877863561242
histone_body|H3-3A|chr1:226061850-226072019:+,histone_body|histone_body|H3-3A|chr1:226061850-226072019:+|chr1:226061850-226072019:+,chr1,226061850,226072019,+,24h,0.138619632891631,0.0711224687546096,-0.952981137007687
histone_body|H2AC25|chr1:228434776-228457873:-,histone_body|histone_body|H2AC25|chr1:228434776-228457873:-|chr1:228434776-228457873:-,chr1,228434776,228457873,-,24h,0.0781220279709297,0.0308052487142652,-1.31481453586791
histone_body|H2BC26|chr1:228458102-228463104:+,histone_body|histone_body|H2BC26|chr1:228458102-228463104:+|chr1:228458102-228463104:+,chr1,228458102,228463104,+,24h,0.295194241805919,0.210407113882168,-0.486519669591406
histone_body|H2AX|chr11:119093873-119095465:-,histone_body|histone_body|H2AX|chr11:119093873-119095465:-|chr11:119093873-119095465:-,chr11,119093873,119095465,-,24h,0.0676619642131634,0,-6.10143922395732
histone_body|H4C16|chr12:14767998-14771131:-,histone_body|histone_body|H4C16|chr12:14767998-14771131:-|chr12:14767998-14771131:-,chr12,14767998,14771131,-,24h,1.82582176995942,1.04737812813227,-0.801176726551604
histone_body|H2AJ|chr12:14774404-14778002:+,histone_body|histone_body|H2AJ|chr12:14774404-14778002:+|chr12:14774404-14778002:+,chr12,14774404,14778002,+,24h,0.549077190574821,0.452186223516069,-0.279530076532454
histone_body|H3-3B|chr17:75776433-75785893:-,histone_body|histone_body|H3-3B|chr17:75776433-75785893:-|chr17:75776433-75785893:-,chr17,75776433,75785893,-,24h,0.198866129267188,0.327102432089679,0.715112284551114
histone_body|CENPA|chr2:26764288-26801067:+,histone_body|histone_body|CENPA|chr2:26764288-26801067:+|chr2:26764288-26801067:+,chr2,26764288,26801067,+,24h,0.0270387505037204,0.0318284460112077,0.227524399489197
histone_body|H1-0|chr22:37805228-37807432:+,histone_body|histone_body|H1-0|chr22:37805228-37807432:+|chr22:37805228-37807432:+,chr22,37805228,37807432,+,24h,0.0666543590178723,0,-6.08011098593869
histone_body|H1-10|chr3:129314770-129316286:-,histone_body|histone_body|H1-10|chr3:129314770-129316286:-|chr3:129314770-129316286:-,chr3,129314770,129316286,-,24h,0,0.0661226337471195,6.06872742001196
histone_body|MACROH2A1|chr5:135334380-135399914:-,histone_body|histone_body|MACROH2A1|chr5:135334380-135399914:-|chr5:135334380-135399914:-,chr5,135334380,135399914,-,24h,0.00644875253804323,0.0063750731278176,-0.0143414793840298
histone_body|H3C1|chr6:26020450-26021487:+,histone_body|histone_body|H3C1|chr6:26020450-26021487:+|chr6:26020450-26021487:+,chr6,26020450,26021487,+,24h,8.90830945060476,7.34932949825791,-0.277504690520415
histone_body|H4C1|chr6:26021648-26022847:+,histone_body|histone_body|H4C1|chr6:26021648-26022847:+|chr6:26021648-26022847:+,chr6,26021648,26022847,+,24h,5.50532386077256,3.86278437414798,-0.511074882124121
histone_body|H4C2|chr6:26025801-26027283:-,histone_body|histone_body|H4C2|chr6:26025801-26027283:-|chr6:26025801-26027283:-,chr6,26025801,26027283,-,24h,9.41561700762188,8.66964735321992,-0.119069144055582
histone_body|H2AC4|chr6:26033091-26033618:-,histone_body|histone_body|H2AC4|chr6:26033091-26033618:-|chr6:26033091-26033618:-,chr6,26033091,26033618,-,24h,7.05718833762283,7.51769245462581,0.0911838635835512
histone_body|H1-2|chr6:26054759-26056470:-,histone_body|histone_body|H1-2|chr6:26054759-26056470:-|chr6:26054759-26056470:-,chr6,26054759,26056470,-,24h,9.33076214799212,9.00175113602792,-0.0517835961110192
histone_body|H2BC4|chr6:26086316-26123926:-,histone_body|histone_body|H2BC4|chr6:26086316-26123926:-|chr6:26086316-26123926:-,chr6,26086316,26123926,-,24h,1.69478133172715,1.60036568106276,-0.0826473555062635
histone_body|H4C3|chr6:26103932-26104337:+,histone_body|histone_body|H4C3|chr6:26103932-26104337:+|chr6:26103932-26104337:+,chr6,26103932,26104337,+,24h,13.4599998120908,11.2202707679183,-0.262549504567624
histone_body|H2AC6|chr6:26124144-26139116:+,histone_body|histone_body|H2AC6|chr6:26124144-26139116:+|chr6:26124144-26139116:+,chr6,26124144,26139116,+,24h,1.20995502065652,1.33666842315332,0.143575270791251
histone_body|H1-4|chr6:26156328-26157115:+,histone_body|histone_body|H1-4|chr6:26156328-26157115:+|chr6:26156328-26157115:+,chr6,26156328,26157115,+,24h,5.89576615879769,4.81022311870146,-0.293520278590565
histone_body|H2BC5|chr6:26158121-26171349:+,histone_body|histone_body|H2BC5|chr6:26158121-26171349:+|chr6:26158121-26171349:+,chr6,26158121,26171349,+,24h,1.72508917392442,1.51386860564977,-0.188314334688575
histone_body|H2BC6|chr6:26172058-26184655:+,histone_body|histone_body|H2BC6|chr6:26172058-26184655:+|chr6:26172058-26184655:+,chr6,26172058,26184655,+,24h,1.01150283496462,0.589551579444002,-0.777790970629791
histone_body|H4C4|chr6:26188709-26189112:-,histone_body|histone_body|H4C4|chr6:26188709-26189112:-|chr6:26188709-26189112:-,chr6,26188709,26189112,-,24h,13.3469613450337,13.0373747544017,-0.0338553661818394
histone_body|H4C5|chr6:26204609-26205021:+,histone_body|histone_body|H4C5|chr6:26204609-26205021:+|chr6:26204609-26205021:+,chr6,26204609,26205021,+,24h,11.9912088646472,10.4333974140362,-0.200750128265008
histone_body|H1-3|chr6:26234211-26234987:-,histone_body|histone_body|H1-3|chr6:26234211-26234987:-|chr6:26234211-26234987:-,chr6,26234211,26234987,-,24h,4.11269391558527,3.53608497024811,-0.217873575520122
histone_body|H3C7|chr6:26250141-26250635:-,histone_body|histone_body|H3C7|chr6:26250141-26250635:-|chr6:26250141-26250635:-,chr6,26250141,26250635,-,24h,4.44658363348077,3.21611588734847,-0.467253828680931
histone_body|H2BC10|chr6:26272930-26273412:+,histone_body|histone_body|H2BC10|chr6:26272930-26273412:+|chr6:26272930-26273412:+,chr6,26272930,26273412,+,24h,8.84137433470532,5.5366456969274,-0.675161059046377
histone_body|H4C8|chr6:26277608-26285638:-,histone_body|histone_body|H4C8|chr6:26277608-26285638:-|chr6:26277608-26285638:-,chr6,26277608,26285638,-,24h,1.68488036720008,1.55134353009384,-0.119054305947655
histone_body|H2BC11|chr6:27122656-27132795:-,histone_body|histone_body|H2BC11|chr6:27122656-27132795:-|chr6:27122656-27132795:-,chr6,27122656,27132795,-,24h,3.53286644890177,1.46952001770034,-1.26492109562143
histone_body|H2AC11|chr6:27133042-27135292:+,histone_body|histone_body|H2AC11|chr6:27133042-27135292:+|chr6:27133042-27135292:+,chr6,27133042,27135292,+,24h,8.52856906467014,6.81808458693484,-0.322894773980719
histone_body|H2BC12|chr6:27137297-27146855:-,histone_body|histone_body|H2BC12|chr6:27137297-27146855:-|chr6:27137297-27146855:-,chr6,27137297,27146855,-,24h,2.05730958981678,1.54806158538419,-0.410065492060938
histone_body|H4C9|chr6:27139281-27140640:+,histone_body|histone_body|H4C9|chr6:27139281-27140640:+|chr6:27139281-27140640:+,chr6,27139281,27140640,+,24h,2.04459200528635,1.67194464388273,-0.290128718485054
histone_body|H2AC12|chr6:27147105-27147562:+,histone_body|histone_body|H2AC12|chr6:27147105-27147562:+|chr6:27147105-27147562:+,chr6,27147105,27147562,+,24h,9.60761533172177,6.63105159332768,-0.534873313423925
histone_body|H2BC13|chr6:27807478-27807929:-,histone_body|histone_body|H2BC13|chr6:27807478-27807929:-|chr6:27807478-27807929:-,chr6,27807478,27807929,-,24h,9.3611282477622,6.11733662527046,-0.613697043205215
histone_body|H2AC13|chr6:27808172-27808667:+,histone_body|histone_body|H2AC13|chr6:27808172-27808667:+|chr6:27808172-27808667:+,chr6,27808172,27808667,+,24h,6.94959687933777,6.17176872636333,-0.171219134668365
histone_body|H3C10|chr6:27810050-27811300:+,histone_body|histone_body|H3C10|chr6:27810050-27811300:+|chr6:27810050-27811300:+,chr6,27810050,27811300,+,24h,4.14285654854775,3.35433146381378,-0.304518767596938
histone_body|H2AC14|chr6:27814301-27814777:-,histone_body|histone_body|H2AC14|chr6:27814301-27814777:-|chr6:27814301-27814777:-,chr6,27814301,27814777,-,24h,4.2460089465525,3.60560110374158,-0.235807280396387
histone_body|H4C11|chr6:27824091-27824480:+,histone_body|histone_body|H4C11|chr6:27824091-27824480:+|chr6:27824091-27824480:+,chr6,27824091,27824480,+,24h,1.38564801767737,1.03987849942363,-0.413799950715458
histone_body|H4C12|chr6:27830917-27831560:-,histone_body|histone_body|H4C12|chr6:27830917-27831560:-|chr6:27830917-27831560:-,chr6,27830917,27831560,-,24h,2.43951841775172,1.33798752639379,-0.866045118284619
histone_body|H2BC15|chr6:27838544-27855709:+,histone_body|histone_body|H2BC15|chr6:27838544-27855709:+|chr6:27838544-27855709:+,chr6,27838544,27855709,+,24h,0.775003382710135,0.576260765893658,-0.426839766877126
histone_body|H1-5|chr6:27866791-27867588:-,histone_body|histone_body|H1-5|chr6:27866791-27867588:-|chr6:27866791-27867588:-,chr6,27866791,27867588,-,24h,1.85528170696017,0.937701267796747,-0.9836776557544
histone_body|H3C11|chr6:27871844-27872346:-,histone_body|histone_body|H3C11|chr6:27871844-27872346:-|chr6:27871844-27872346:-,chr6,27871844,27872346,-,24h,4.71361927373476,3.27260753037445,-0.526259902754369
histone_body|H4C13|chr6:27873147-27873534:-,histone_body|histone_body|H4C13|chr6:27873147-27873534:-|chr6:27873147-27873534:-,chr6,27873147,27873534,-,24h,5.11183864016866,2.90196896169229,-0.816595348801332
histone_body|H3C12|chr6:27890314-27893106:-,histone_body|histone_body|H3C12|chr6:27890314-27893106:-|chr6:27890314-27893106:-,chr6,27890314,27893106,-,24h,7.38745511587351,4.82680249797028,-0.613906078887885
histone_body|H2BC17|chr6:27893424-27893891:+,histone_body|histone_body|H2BC17|chr6:27893424-27893891:+|chr6:27893424-27893891:+,chr6,27893424,27893891,+,24h,9.81287125908078,6.19268956863395,-0.66402326978083
histone_body|H2BC18|chr1:149782688-149812373:-,histone_body|histone_body|H2BC18|chr1:149782688-149812373:-|chr1:149782688-149812373:-,chr1,149782688,149812373,-,48h,0.119175692440136,0.0553287626049253,-1.09320143134746
histone_body|H3C13|chr1:149813224-149813693:-,histone_body|histone_body|H3C13|chr1:149813224-149813693:-|chr1:149813224-149813693:-,chr1,149813224,149813693,-,48h,2.95617842636129,1.93826649291937,-0.608710222114008
histone_body|H4C14|chr1:149832656-149839767:+,histone_body|histone_body|H4C14|chr1:149832656-149839767:+|chr1:149832656-149839767:+,chr1,149832656,149839767,+,48h,0.0121576113131559,0.00517172793969208,-1.09215122809484
histone_body|H3C14|chr1:149840686-149841208:-,histone_body|histone_body|H3C14|chr1:149840686-149841208:-|chr1:149840686-149841208:-,chr1,149840686,149841208,-,48h,0,0,0
histone_body|H2BC19P|chr1:149843040-149843533:+,histone_body|histone_body|H2BC19P|chr1:149843040-149843533:+|chr1:149843040-149843533:+,chr1,149843040,149843533,+,48h,0.871078631698964,0.801152366895463,-0.120581923539893
histone_body|H2BC20P|chr1:149850192-149850772:-,histone_body|histone_body|H2BC20P|chr1:149850192-149850772:-|chr1:149850192-149850772:-,chr1,149850192,149850772,-,48h,0.68972055480398,0.483215803524544,-0.512451990861294
histone_body|H3C15|chr1:149852607-149853125:+,histone_body|histone_body|H3C15|chr1:149852607-149853125:+|chr1:149852607-149853125:+,chr1,149852607,149853125,+,48h,0,0,0
histone_body|H4C15|chr1:149854044-149861159:-,histone_body|histone_body|H4C15|chr1:149854044-149861159:-|chr1:149854044-149861159:-,chr1,149854044,149861159,-,48h,0,0,0
histone_body|H2BC21|chr1:149884458-149886682:-,histone_body|histone_body|H2BC21|chr1:149884458-149886682:-|chr1:149884458-149886682:-,chr1,149884458,149886682,-,48h,7.41278133924059,5.80997357265555,-0.351429671652058
histone_body|H2AC20|chr1:149886917-149887411:+,histone_body|histone_body|H2AC20|chr1:149886917-149887411:+|chr1:149886917-149887411:+,chr1,149886917,149887411,+,48h,11.4585599397358,10.8226250996474,-0.0823678696740735
histone_body|H2AC21|chr1:149887468-149887965:-,histone_body|histone_body|H2AC21|chr1:149887468-149887965:-|chr1:149887468-149887965:-,chr1,149887468,149887965,-,48h,9.29374568707027,8.21652633035687,-0.177711218245836
histone_body|H3-3A|chr1:226061850-226072019:+,histone_body|histone_body|H3-3A|chr1:226061850-226072019:+|chr1:226061850-226072019:+,chr1,226061850,226072019,+,48h,0.107114340401127,0.207639572859303,0.948454924734348
histone_body|H2AC25|chr1:228434776-228457873:-,histone_body|histone_body|H2AC25|chr1:228434776-228457873:-|chr1:228434776-228457873:-,chr1,228434776,228457873,-,48h,0.0442531396147556,0.0228547248289835,-0.923742843795842
histone_body|H2BC26|chr1:228458102-228463104:+,histone_body|histone_body|H2BC26|chr1:228458102-228463104:+|chr1:228458102-228463104:+,chr1,228458102,228463104,+,48h,0.24115538188555,0.397552743844517,0.718837593760271
histone_body|H2AX|chr11:119093873-119095465:-,histone_body|histone_body|H2AX|chr11:119093873-119095465:-|chr11:119093873-119095465:-,chr11,119093873,119095465,-,48h,0.421318500485253,0,-8.72218763836718
histone_body|H4C16|chr12:14767998-14771131:-,histone_body|histone_body|H4C16|chr12:14767998-14771131:-|chr12:14767998-14771131:-,chr12,14767998,14771131,-,48h,1.66898997648052,1.85242108383743,0.15035124499887
histone_body|H2AJ|chr12:14774404-14778002:+,histone_body|histone_body|H2AJ|chr12:14774404-14778002:+|chr12:14774404-14778002:+,chr12,14774404,14778002,+,48h,0.693355106254098,0.957974926032426,0.465819421215576
histone_body|H3-3B|chr17:75776433-75785893:-,histone_body|histone_body|H3-3B|chr17:75776433-75785893:-|chr17:75776433-75785893:-,chr17,75776433,75785893,-,48h,0.404140183688722,0.641647990511033,0.665607534489347
histone_body|CENPA|chr2:26764288-26801067:+,histone_body|histone_body|CENPA|chr2:26764288-26801067:+|chr2:26764288-26801067:+,chr2,26764288,26801067,+,48h,0.0394189384919097,0.0793106538371241,0.990559952000057
histone_body|H1-0|chr22:37805228-37807432:+,histone_body|histone_body|H1-0|chr22:37805228-37807432:+|chr22:37805228-37807432:+,chr22,37805228,37807432,+,48h,0.00509968040498617,0.134067113055717,4.46879897710996
histone_body|H1-10|chr3:129314770-129316286:-,histone_body|histone_body|H1-10|chr3:129314770-129316286:-|chr3:129314770-129316286:-,chr3,129314770,129316286,-,48h,0.0203967018932655,0.0996862627900056,2.23440652095649
histone_body|MACROH2A1|chr5:135334380-135399914:-,histone_body|histone_body|MACROH2A1|chr5:135334380-135399914:-|chr5:135334380-135399914:-,chr5,135334380,135399914,-,48h,0.00727624727582627,0.0127400485481236,0.73133844621496
histone_body|H3C1|chr6:26020450-26021487:+,histone_body|histone_body|H3C1|chr6:26020450-26021487:+|chr6:26020450-26021487:+,chr6,26020450,26021487,+,48h,10.4103602183589,9.49212038828863,-0.13320428136063
histone_body|H4C1|chr6:26021648-26022847:+,histone_body|histone_body|H4C1|chr6:26021648-26022847:+|chr6:26021648-26022847:+,chr6,26021648,26022847,+,48h,8.15263922061395,4.57707411622805,-0.832703302935873
histone_body|H4C2|chr6:26025801-26027283:-,histone_body|histone_body|H4C2|chr6:26025801-26027283:-|chr6:26025801-26027283:-,chr6,26025801,26027283,-,48h,11.6650578013638,10.3738734402357,-0.16922338975582
histone_body|H2AC4|chr6:26033091-26033618:-,histone_body|histone_body|H2AC4|chr6:26033091-26033618:-|chr6:26033091-26033618:-,chr6,26033091,26033618,-,48h,10.9755897838658,11.6082972005377,0.0808507312451258
histone_body|H1-2|chr6:26054759-26056470:-,histone_body|histone_body|H1-2|chr6:26054759-26056470:-|chr6:26054759-26056470:-,chr6,26054759,26056470,-,48h,11.1248431421455,9.13817467713517,-0.283778878819263
histone_body|H2BC4|chr6:26086316-26123926:-,histone_body|histone_body|H2BC4|chr6:26086316-26123926:-|chr6:26086316-26123926:-,chr6,26086316,26123926,-,48h,2.25722803243074,2.10908265135328,-0.0978916646122833
histone_body|H4C3|chr6:26103932-26104337:+,histone_body|histone_body|H4C3|chr6:26103932-26104337:+|chr6:26103932-26104337:+,chr6,26103932,26104337,+,48h,19.4044265158382,18.9648433214352,-0.0330566198713372
histone_body|H2AC6|chr6:26124144-26139116:+,histone_body|histone_body|H2AC6|chr6:26124144-26139116:+|chr6:26124144-26139116:+,chr6,26124144,26139116,+,48h,1.71377602122921,1.24299144323239,-0.463043586357223
histone_body|H1-4|chr6:26156328-26157115:+,histone_body|histone_body|H1-4|chr6:26156328-26157115:+|chr6:26156328-26157115:+,chr6,26156328,26157115,+,48h,5.21897697562335,5.16686672797803,-0.0144745779081903
histone_body|H2BC5|chr6:26158121-26171349:+,histone_body|histone_body|H2BC5|chr6:26158121-26171349:+|chr6:26158121-26171349:+,chr6,26158121,26171349,+,48h,1.19982625582372,1.10492546629943,-0.118773268044615
histone_body|H2BC6|chr6:26172058-26184655:+,histone_body|histone_body|H2BC6|chr6:26172058-26184655:+|chr6:26172058-26184655:+,chr6,26172058,26184655,+,48h,0.904702886415018,0.73783738570834,-0.293780985769128
histone_body|H4C4|chr6:26188709-26189112:-,histone_body|histone_body|H4C4|chr6:26188709-26189112:-|chr6:26188709-26189112:-,chr6,26188709,26189112,-,48h,15.7027408615235,14.7399373941918,-0.0912800010994926
histone_body|H4C5|chr6:26204609-26205021:+,histone_body|histone_body|H4C5|chr6:26204609-26205021:+|chr6:26204609-26205021:+,chr6,26204609,26205021,+,48h,16.7806927961053,9.80477609275614,-0.775184525769604
histone_body|H1-3|chr6:26234211-26234987:-,histone_body|histone_body|H1-3|chr6:26234211-26234987:-|chr6:26234211-26234987:-,chr6,26234211,26234987,-,48h,3.35528860394795,3.14824296007912,-0.0918617131859828
histone_body|H3C7|chr6:26250141-26250635:-,histone_body|histone_body|H3C7|chr6:26250141-26250635:-|chr6:26250141-26250635:-,chr6,26250141,26250635,-,48h,5.14762544825009,3.72448609835706,-0.466758641384062
histone_body|H2BC10|chr6:26272930-26273412:+,histone_body|histone_body|H2BC10|chr6:26272930-26273412:+|chr6:26272930-26273412:+,chr6,26272930,26273412,+,48h,9.60750671887299,6.44880298732227,-0.575057142397342
histone_body|H4C8|chr6:26277608-26285638:-,histone_body|histone_body|H4C8|chr6:26277608-26285638:-|chr6:26277608-26285638:-,chr6,26277608,26285638,-,48h,2.2484647769499,1.8040313662164,-0.317557869587076
histone_body|H2BC11|chr6:27122656-27132795:-,histone_body|histone_body|H2BC11|chr6:27122656-27132795:-|chr6:27122656-27132795:-,chr6,27122656,27132795,-,48h,2.81532182325707,2.75779592990534,-0.0297734578041821
histone_body|H2AC11|chr6:27133042-27135292:+,histone_body|histone_body|H2AC11|chr6:27133042-27135292:+|chr6:27133042-27135292:+,chr6,27133042,27135292,+,48h,8.88541201443142,4.66090624555636,-0.930681041719476
histone_body|H2BC12|chr6:27137297-27146855:-,histone_body|histone_body|H2BC12|chr6:27137297-27146855:-|chr6:27137297-27146855:-,chr6,27137297,27146855,-,48h,2.98863787863588,1.78521669967416,-0.743063632357881
histone_body|H4C9|chr6:27139281-27140640:+,histone_body|histone_body|H4C9|chr6:27139281-27140640:+|chr6:27139281-27140640:+,chr6,27139281,27140640,+,48h,3.07979865112754,1.65737830938067,-0.893531244514341
histone_body|H2AC12|chr6:27147105-27147562:+,histone_body|histone_body|H2AC12|chr6:27147105-27147562:+|chr6:27147105-27147562:+,chr6,27147105,27147562,+,48h,10.0176204484714,10.4737354827397,0.0642299472736162
histone_body|H2BC13|chr6:27807478-27807929:-,histone_body|histone_body|H2BC13|chr6:27807478-27807929:-|chr6:27807478-27807929:-,chr6,27807478,27807929,-,48h,10.0602348099262,11.5034948352171,0.193390258716199
histone_body|H2AC13|chr6:27808172-27808667:+,histone_body|histone_body|H2AC13|chr6:27808172-27808667:+|chr6:27808172-27808667:+,chr6,27808172,27808667,+,48h,9.51671126587222,8.68348398329032,-0.13217455974261
histone_body|H3C10|chr6:27810050-27811300:+,histone_body|histone_body|H3C10|chr6:27810050-27811300:+|chr6:27810050-27811300:+,chr6,27810050,27811300,+,48h,4.73258738005161,2.6805680518981,-0.819857087881105
histone_body|H2AC14|chr6:27814301-27814777:-,histone_body|histone_body|H2AC14|chr6:27814301-27814777:-|chr6:27814301-27814777:-,chr6,27814301,27814777,-,48h,4.1096732638338,3.47391439561083,-0.242397266554387
histone_body|H4C11|chr6:27824091-27824480:+,histone_body|histone_body|H4C11|chr6:27824091-27824480:+|chr6:27824091-27824480:+,chr6,27824091,27824480,+,48h,2.56490001028792,1.54136828254611,-0.734317662390616
histone_body|H4C12|chr6:27830917-27831560:-,histone_body|histone_body|H4C12|chr6:27830917-27831560:-|chr6:27830917-27831560:-,chr6,27830917,27831560,-,48h,2.71736106197719,2.17588711192782,-0.320470497693577
histone_body|H2BC15|chr6:27838544-27855709:+,histone_body|histone_body|H2BC15|chr6:27838544-27855709:+|chr6:27838544-27855709:+,chr6,27838544,27855709,+,48h,1.04742104024013,0.602106353444114,-0.79773387328839
histone_body|H1-5|chr6:27866791-27867588:-,histone_body|histone_body|H1-5|chr6:27866791-27867588:-|chr6:27866791-27867588:-,chr6,27866791,27867588,-,48h,2.09381293454015,0.730111610186444,-1.51865785059021
histone_body|H3C11|chr6:27871844-27872346:-,histone_body|histone_body|H3C11|chr6:27871844-27872346:-|chr6:27871844-27872346:-,chr6,27871844,27872346,-,48h,6.20217889951045,3.21908948597205,-0.94590695154418
histone_body|H4C13|chr6:27873147-27873534:-,histone_body|histone_body|H4C13|chr6:27873147-27873534:-|chr6:27873147-27873534:-,chr6,27873147,27873534,-,48h,5.24965988542374,4.3123471558248,-0.283690912530342
histone_body|H3C12|chr6:27890314-27893106:-,histone_body|histone_body|H3C12|chr6:27890314-27893106:-|chr6:27890314-27893106:-,chr6,27890314,27893106,-,48h,8.52762869996123,6.74643719959903,-0.337974148164746
histone_body|H2BC17|chr6:27893424-27893891:+,histone_body|histone_body|H2BC17|chr6:27893424-27893891:+|chr6:27893424-27893891:+,chr6,27893424,27893891,+,48h,12.167075670761,11.8756697387205,-0.0349706741050163
