gene_set,track,segment,bin,mean,ci_low,ci_high,n_genes
expressed,"H3, DMSO 24 h",TSS_pm400,0,0.2161083315366081,0.13937524782826327,0.2956126671637009,56
expressed,"H3, DMSO 24 h",TSS_pm400,1,0.23189494725582852,0.1501356487292131,0.31994852260254053,56
expressed,"H3, DMSO 24 h",TSS_pm400,2,0.24757517288838118,0.15855398287797082,0.33983169974227034,56
expressed,"H3, DMSO 24 h",TSS_pm400,3,0.24700910967907738,0.15997830021860346,0.3394345591443458,56
expressed,"H3, DMSO 24 h",TSS_pm400,4,0.2558183915380921,0.16955392582741172,0.3495885501136737,56
expressed,"H3, DMSO 24 h",TSS_pm400,5,0.2777940527402929,0.187252717244971,0.3818560960636075,56
expressed,"H3, DMSO 24 h",TSS_pm400,6,0.29688057731837036,0.1987153593257868,0.4150164645723998,56
expressed,"H3, DMSO 24 h",TSS_pm400,7,0.31655088428940087,0.20949998826786342,0.4377134656719862,56
expressed,"H3, DMSO 24 h",TSS_pm400,8,0.3537676651562963,0.23970257511096343,0.48657417490546195,56
expressed,"H3, DMSO 24 h",TSS_pm400,9,0.36991447404559175,0.2550367699377239,0.5037477693347526,56
expressed,"H3, DMSO 24 h",TSS_pm400,10,0.3686186202136534,0.2551058112111475,0.49834745729209046,56
expressed,"H3, DMSO 24 h",TSS_pm400,11,0.37370077907772997,0.2583435764240234,0.5081195504205035,56
expressed,"H3, DMSO 24 h",TSS_pm400,12,0.3716100761666894,0.25681593992414753,0.5074390116234176,56
expressed,"H3, DMSO 24 h",TSS_pm400,13,0.3824481360614301,0.26892993567045775,0.5179280519305862,56
expressed,"H3, DMSO 24 h",TSS_pm400,14,0.40159205983259844,0.284255062393578,0.5370029463146679,56
expressed,"H3, DMSO 24 h",TSS_pm400,15,0.4170165293716958,0.2912725258691769,0.5587708978887115,56
expressed,"H3, DMSO 24 h",TSS_pm400,16,0.43498381953686477,0.30732092635040836,0.58182040774463,56
expressed,"H3, DMSO 24 h",TSS_pm400,17,0.4529294841789774,0.3159238706495879,0.6114536803022825,56
expressed,"H3, DMSO 24 h",TSS_pm400,18,0.49281263266290937,0.33667089894347424,0.6644929583962741,56
expressed,"H3, DMSO 24 h",TSS_pm400,19,0.49321004495556864,0.3409594077510492,0.6768584062737812,56
expressed,"H3, DMSO 24 h",TSS_pm400,20,0.49754374184911804,0.33250788369232653,0.6893561619225822,56
expressed,"H3, DMSO 24 h",TSS_pm400,21,0.5114861525151702,0.3430281226662919,0.7141955479467288,56
expressed,"H3, DMSO 24 h",TSS_pm400,22,0.5170117112940974,0.34697496788044063,0.7120954781537875,56
expressed,"H3, DMSO 24 h",TSS_pm400,23,0.5220768155530096,0.3459513428388164,0.722940547030552,56
expressed,"H3, DMSO 24 h",TSS_pm400,24,0.507766411746187,0.33141882495954633,0.7251389205555564,56
expressed,"H3, DMSO 24 h",TSS_pm400,25,0.5062001376811948,0.30895455229495256,0.7418971485351875,56
expressed,"H3, DMSO 24 h",TSS_pm400,26,0.530586360448173,0.33598641183293815,0.7735991705774462,56
expressed,"H3, DMSO 24 h",TSS_pm400,27,0.562642742666815,0.3833562182242583,0.7769474720509193,56
expressed,"H3, DMSO 24 h",TSS_pm400,28,0.5643209116267306,0.37708940427550774,0.7903724675073419,56
expressed,"H3, DMSO 24 h",TSS_pm400,29,0.6108423337473401,0.4176043982876997,0.8579244071920402,56
expressed,"H3, DMSO 24 h",TSS_pm400,30,0.6252729389284337,0.4275282705814711,0.8745145098346153,56
expressed,"H3, DMSO 24 h",TSS_pm400,31,0.6388317485206896,0.43771931624771776,0.8864112830228572,56
expressed,"H3, DMSO 24 h",TSS_pm400,32,0.6597672827009643,0.4374924215474832,0.9241211529847763,56
expressed,"H3, DMSO 24 h",TSS_pm400,33,0.6699018078575297,0.4497298410596208,0.9425300098215749,56
expressed,"H3, DMSO 24 h",TSS_pm400,34,0.660945986583829,0.4467459851263891,0.9369326319838207,56
expressed,"H3, DMSO 24 h",TSS_pm400,35,0.6880012185255786,0.4821974546370116,0.955033310813335,56
expressed,"H3, DMSO 24 h",TSS_pm400,36,0.6889930166836297,0.490391157079222,0.9292784257406104,56
expressed,"H3, DMSO 24 h",TSS_pm400,37,0.647868388997657,0.46803290354753174,0.855049905270072,56
expressed,"H3, DMSO 24 h",TSS_pm400,38,0.6457646821986657,0.476456920903138,0.8344293846452266,56
expressed,"H3, DMSO 24 h",TSS_pm400,39,0.6459419646585474,0.4891822071763099,0.8144820162843988,56
expressed,"H3, DMSO 24 h",TSS_pm400,40,0.6432091793311494,0.48280760250586485,0.8148076095565089,56
expressed,"H3, DMSO 24 h",TSS_pm400,41,0.609436553799444,0.4669385810564494,0.7510355845785566,56
expressed,"H3, DMSO 24 h",TSS_pm400,42,0.6080088232244762,0.47199082368851775,0.7443439637031406,56
expressed,"H3, DMSO 24 h",TSS_pm400,43,0.6035831372652736,0.4700082343231355,0.7335542371004284,56
expressed,"H3, DMSO 24 h",TSS_pm400,44,0.5803536458207027,0.4497156444524548,0.7100509935005435,56
expressed,"H3, DMSO 24 h",TSS_pm400,45,0.5816478474863936,0.4572645387279668,0.7056074671633541,56
expressed,"H3, DMSO 24 h",TSS_pm400,46,0.5827514785208872,0.4617455619307501,0.7059814123922425,56
expressed,"H3, DMSO 24 h",TSS_pm400,47,0.5690341661285078,0.4544267421062771,0.6840932720214394,56
expressed,"H3, DMSO 24 h",TSS_pm400,48,0.5680234324985317,0.45987145127395973,0.6766176749120597,56
expressed,"H3, DMSO 24 h",TSS_pm400,49,0.5479085275992043,0.44162527423573744,0.6616669029928742,56
expressed,"H3, DMSO 24 h",TSS_pm400,50,0.5200586048353995,0.41484842997310406,0.6277845982748217,56
expressed,"H3, DMSO 24 h",TSS_pm400,51,0.5129979206781302,0.406944548914076,0.6228304421974877,56
expressed,"H3, DMSO 24 h",TSS_pm400,52,0.509352202899754,0.40517124607826455,0.6154924695479815,56
expressed,"H3, DMSO 24 h",TSS_pm400,53,0.5016424606687256,0.3988423144557912,0.6062806767378267,56
expressed,"H3, DMSO 24 h",TSS_pm400,54,0.48987395212586443,0.38898123674227725,0.5901250992695403,56
expressed,"H3, DMSO 24 h",TSS_pm400,55,0.47145951890519683,0.37495236971482104,0.57343996144299,56
expressed,"H3, DMSO 24 h",TSS_pm400,56,0.4674275649578444,0.36907433369862186,0.5677004789098699,56
expressed,"H3, DMSO 24 h",TSS_pm400,57,0.4670652099751999,0.369530962967713,0.5669664703016832,56
expressed,"H3, DMSO 24 h",TSS_pm400,58,0.45221625961439343,0.3557228134907023,0.5544412221659774,56
expressed,"H3, DMSO 24 h",TSS_pm400,59,0.4399986216798425,0.3412834492505395,0.537662206077283,56
expressed,"H3, DMSO 24 h",TSS_pm400,60,0.41782121591802157,0.322142576378371,0.5108440160578382,56
expressed,"H3, DMSO 24 h",TSS_pm400,61,0.41853359903075865,0.31616461668296586,0.5180542912141286,56
expressed,"H3, DMSO 24 h",TSS_pm400,62,0.4022760262180652,0.2996259051421657,0.5024152805350189,56
expressed,"H3, DMSO 24 h",TSS_pm400,63,0.3676499709220869,0.2663783976821495,0.46780648872854974,56
expressed,"H3, DMSO 24 h",TSS_pm400,64,0.3700472733500053,0.27083112573707285,0.46712573633073085,56
expressed,"H3, DMSO 24 h",TSS_pm400,65,0.3463473251621639,0.25018163156296525,0.44239152930876496,56
expressed,"H3, DMSO 24 h",TSS_pm400,66,0.33612494726798364,0.24572418836078475,0.4318611661271592,56
expressed,"H3, DMSO 24 h",TSS_pm400,67,0.34070812522300653,0.25565815103772493,0.42841520266607397,56
expressed,"H3, DMSO 24 h",TSS_pm400,68,0.3326292396922197,0.24847454953539583,0.4215392336508791,56
expressed,"H3, DMSO 24 h",TSS_pm400,69,0.32487793547500454,0.24303834795719015,0.4127650039174062,56
expressed,"H3, DMSO 24 h",TSS_pm400,70,0.32406719522550703,0.24140325686794575,0.40835382252765295,56
expressed,"H3, DMSO 24 h",TSS_pm400,71,0.3158557688285197,0.2340108485460015,0.40406447256183514,56
expressed,"H3, DMSO 24 h",TSS_pm400,72,0.3061969629888024,0.22217140959841863,0.3956004485155323,56
expressed,"H3, DMSO 24 h",TSS_pm400,73,0.30541962350585633,0.22063493324576744,0.3989683481685019,56
expressed,"H3, DMSO 24 h",TSS_pm400,74,0.3123360052172627,0.21631061438604124,0.4282028375120302,56
expressed,"H3, DMSO 24 h",TSS_pm400,75,0.330280891167266,0.22993125273646522,0.45451135196723047,56
expressed,"H3, DMSO 24 h",TSS_pm400,76,0.33622839975037744,0.2346124018469293,0.461915653108486,56
expressed,"H3, DMSO 24 h",TSS_pm400,77,0.3103255374357104,0.2161988406082881,0.4280210479714775,56
expressed,"H3, DMSO 24 h",TSS_pm400,78,0.3037472091526503,0.20271840068445143,0.4182064570783682,56
expressed,"H3, DMSO 24 h",TSS_pm400,79,0.3048640362386193,0.199965549867068,0.42247261531584496,56
expressed,"H4, DMSO 24 h",TSS_pm400,0,4.203392376803927,2.754508448207218,5.775543779875818,56
expressed,"H4, DMSO 24 h",TSS_pm400,1,4.5138919214585,3.01177678647318,6.148831293356739,56
expressed,"H4, DMSO 24 h",TSS_pm400,2,4.944471310451627,3.293322750828895,6.722510499612295,56
expressed,"H4, DMSO 24 h",TSS_pm400,3,5.314958301000297,3.5790812419647615,7.1424937764342324,56
expressed,"H4, DMSO 24 h",TSS_pm400,4,5.826304954503264,3.852468975000084,7.908392589347704,56
expressed,"H4, DMSO 24 h",TSS_pm400,5,6.295378883076566,4.179413686187139,8.575414149082663,56
expressed,"H4, DMSO 24 h",TSS_pm400,6,6.950715157496077,4.702996306368814,9.425010155649591,56
expressed,"H4, DMSO 24 h",TSS_pm400,7,7.699084530983653,5.294041296376713,10.38093058979671,56
expressed,"H4, DMSO 24 h",TSS_pm400,8,8.404923117160797,5.8380306610757735,11.360278500957147,56
expressed,"H4, DMSO 24 h",TSS_pm400,9,8.832225027840051,6.144619510168477,11.90923539762252,56
expressed,"H4, DMSO 24 h",TSS_pm400,10,9.592570173101764,6.701871065481433,12.940435024334919,56
expressed,"H4, DMSO 24 h",TSS_pm400,11,10.636452838778496,7.357145432962902,14.272739838090324,56
expressed,"H4, DMSO 24 h",TSS_pm400,12,11.212165224126407,7.8162702631684295,14.99497047229537,56
expressed,"H4, DMSO 24 h",TSS_pm400,13,11.558391971886156,8.041463768146931,15.372821817813174,56
expressed,"H4, DMSO 24 h",TSS_pm400,14,12.064806887720312,8.482311931449388,16.172327004580623,56
expressed,"H4, DMSO 24 h",TSS_pm400,15,12.988946384297948,9.063876675838339,17.59006921661219,56
expressed,"H4, DMSO 24 h",TSS_pm400,16,14.006855545512265,9.550677922889593,19.116362365079777,56
expressed,"H4, DMSO 24 h",TSS_pm400,17,14.312286480622632,9.933819013562587,19.39589057457234,56
expressed,"H4, DMSO 24 h",TSS_pm400,18,14.993248531860965,10.400338261303093,20.203281685906855,56
expressed,"H4, DMSO 24 h",TSS_pm400,19,15.55259052876915,10.919500311123473,20.759587334639253,56
expressed,"H4, DMSO 24 h",TSS_pm400,20,16.016608674185616,11.192137693725526,21.39572787951678,56
expressed,"H4, DMSO 24 h",TSS_pm400,21,16.73118952619178,11.659398810714483,22.25909713540759,56
expressed,"H4, DMSO 24 h",TSS_pm400,22,17.16789203797068,11.863350321214112,22.91532220865467,56
expressed,"H4, DMSO 24 h",TSS_pm400,23,17.44712601474353,12.011150251105425,23.158944400740523,56
expressed,"H4, DMSO 24 h",TSS_pm400,24,17.92805131567376,12.318487119834336,23.821520360591155,56
expressed,"H4, DMSO 24 h",TSS_pm400,25,18.365672493406702,12.8192892217849,24.203755196375496,56
expressed,"H4, DMSO 24 h",TSS_pm400,26,18.77959448524884,13.317767304373639,24.574629268145976,56
expressed,"H4, DMSO 24 h",TSS_pm400,27,19.12366802671126,13.561863014894936,24.869622740655075,56
expressed,"H4, DMSO 24 h",TSS_pm400,28,19.597234002181462,14.067502957060936,25.34979857691696,56
expressed,"H4, DMSO 24 h",TSS_pm400,29,19.8618849498885,14.428935730297649,25.553645474708492,56
expressed,"H4, DMSO 24 h",TSS_pm400,30,20.14938763252326,14.92031674359526,25.73550467967987,56
expressed,"H4, DMSO 24 h",TSS_pm400,31,19.99730895268065,14.908356593692943,25.356267889940312,56
expressed,"H4, DMSO 24 h",TSS_pm400,32,20.259766905009748,15.132407713681461,25.288118758872155,56
expressed,"H4, DMSO 24 h",TSS_pm400,33,20.315557676857832,15.372347159963486,25.3589724840832,56
expressed,"H4, DMSO 24 h",TSS_pm400,34,20.16684191269534,15.352572142684034,25.120414419876678,56
expressed,"H4, DMSO 24 h",TSS_pm400,35,20.27003867243018,15.499060487236296,25.179436637588903,56
expressed,"H4, DMSO 24 h",TSS_pm400,36,20.337252189218994,15.606264668266693,25.15529773555164,56
expressed,"H4, DMSO 24 h",TSS_pm400,37,19.862135920513953,15.267833490608526,24.473899441204427,56
expressed,"H4, DMSO 24 h",TSS_pm400,38,19.56993355953267,14.974865356925875,24.330754210704132,56
expressed,"H4, DMSO 24 h",TSS_pm400,39,18.69775741589921,14.239986184601275,23.45282347071117,56
expressed,"H4, DMSO 24 h",TSS_pm400,40,16.98603978367256,13.04677711773597,20.900517656021485,56
expressed,"H4, DMSO 24 h",TSS_pm400,41,16.17680575129177,12.353310489718403,19.90449840515985,56
expressed,"H4, DMSO 24 h",TSS_pm400,42,15.32890323251486,11.601397413914757,18.94154176948326,56
expressed,"H4, DMSO 24 h",TSS_pm400,43,14.474859882039679,10.838306615815629,18.041786411766495,56
expressed,"H4, DMSO 24 h",TSS_pm400,44,13.335010522816862,9.984738613383048,16.7347672390512,56
expressed,"H4, DMSO 24 h",TSS_pm400,45,12.297200920326365,9.39509358562529,15.352660038013543,56
expressed,"H4, DMSO 24 h",TSS_pm400,46,11.552298062614032,8.693978812013354,14.530552764236925,56
expressed,"H4, DMSO 24 h",TSS_pm400,47,10.726126696807997,8.090103310389178,13.500255416812642,56
expressed,"H4, DMSO 24 h",TSS_pm400,48,9.701620548750672,7.339785827451518,12.28746510086847,56
expressed,"H4, DMSO 24 h",TSS_pm400,49,8.966172078145403,6.690165035280267,11.454376018763119,56
expressed,"H4, DMSO 24 h",TSS_pm400,50,8.18846107300903,6.083756890316892,10.551642874922337,56
expressed,"H4, DMSO 24 h",TSS_pm400,51,7.496661965602209,5.497650139699024,9.505200592425783,56
expressed,"H4, DMSO 24 h",TSS_pm400,52,6.9154233156038165,5.0404319952854095,8.778852613008182,56
expressed,"H4, DMSO 24 h",TSS_pm400,53,6.413941179056253,4.673129145670682,8.201991569343953,56
expressed,"H4, DMSO 24 h",TSS_pm400,54,5.931733773276209,4.309235260075489,7.648630556677067,56
expressed,"H4, DMSO 24 h",TSS_pm400,55,5.533630342196141,4.020604499966971,7.162173571577295,56
expressed,"H4, DMSO 24 h",TSS_pm400,56,4.976085906874921,3.616014650073568,6.502664064812871,56
expressed,"H4, DMSO 24 h",TSS_pm400,57,4.6233065158394835,3.3144714752218825,6.05169288393709,56
expressed,"H4, DMSO 24 h",TSS_pm400,58,4.31587009924863,3.1063234620820737,5.6236157632871935,56
expressed,"H4, DMSO 24 h",TSS_pm400,59,3.9411376450743,2.842510797269642,5.100210922328489,56
expressed,"H4, DMSO 24 h",TSS_pm400,60,3.720358566806785,2.696373845054768,4.788326735257038,56
expressed,"H4, DMSO 24 h",TSS_pm400,61,3.4389910355742486,2.449644370379725,4.4426004020018235,56
expressed,"H4, DMSO 24 h",TSS_pm400,62,3.07526413260826,2.2233919946796132,3.9213570374050835,56
expressed,"H4, DMSO 24 h",TSS_pm400,63,2.8428560888660814,2.075186347117914,3.5914396260080057,56
expressed,"H4, DMSO 24 h",TSS_pm400,64,2.844918381742069,2.0885931125323163,3.5696265054281278,56
expressed,"H4, DMSO 24 h",TSS_pm400,65,2.7214384303029093,1.9638088704406156,3.450440046010274,56
expressed,"H4, DMSO 24 h",TSS_pm400,66,2.637375228452896,1.88723226185755,3.3778765637733574,56
expressed,"H4, DMSO 24 h",TSS_pm400,67,2.5993831402888254,1.8695152360370517,3.343732885857378,56
expressed,"H4, DMSO 24 h",TSS_pm400,68,2.6925569643576943,1.9705613476131114,3.4097416833797025,56
expressed,"H4, DMSO 24 h",TSS_pm400,69,2.64111524535229,1.9505856378901065,3.3406770610710486,56
expressed,"H4, DMSO 24 h",TSS_pm400,70,2.5077210250177555,1.8392836851919339,3.16661952553317,56
expressed,"H4, DMSO 24 h",TSS_pm400,71,2.460480497192059,1.8014393082167954,3.134514932086958,56
expressed,"H4, DMSO 24 h",TSS_pm400,72,2.4395320586327998,1.8029597721767745,3.0766413297703754,56
expressed,"H4, DMSO 24 h",TSS_pm400,73,2.4151306974036357,1.811585351558668,3.036798179719065,56
expressed,"H4, DMSO 24 h",TSS_pm400,74,2.5670594824744124,1.965479597632906,3.1971402221106513,56
expressed,"H4, DMSO 24 h",TSS_pm400,75,2.7551347152463026,2.123865873888135,3.4224672562176623,56
expressed,"H4, DMSO 24 h",TSS_pm400,76,2.8023449439023222,2.1543687767162916,3.4408294520766605,56
expressed,"H4, DMSO 24 h",TSS_pm400,77,2.887759482647691,2.2094984366478663,3.550066139304212,56
expressed,"H4, DMSO 24 h",TSS_pm400,78,2.8968029007448686,2.2207881420847424,3.5426291846510547,56
expressed,"H4, DMSO 24 h",TSS_pm400,79,2.906343918373542,2.256076857918607,3.574009958205611,56
expressed,"H4, GSK591 24 h",TSS_pm400,0,3.0895275774810997,2.149593660062445,4.237741007046508,56
expressed,"H4, GSK591 24 h",TSS_pm400,1,3.2924103825067994,2.2788411040756174,4.482859098564224,56
expressed,"H4, GSK591 24 h",TSS_pm400,2,3.687458195111581,2.5658810575146758,4.918533292766661,56
expressed,"H4, GSK591 24 h",TSS_pm400,3,3.92788739672729,2.739271422060473,5.224798849336803,56
expressed,"H4, GSK591 24 h",TSS_pm400,4,4.313503187894821,2.9701810210623907,5.787419392876327,56
expressed,"H4, GSK591 24 h",TSS_pm400,5,4.6888684808542695,3.2594580525988053,6.265341634559445,56
expressed,"H4, GSK591 24 h",TSS_pm400,6,5.20990281320576,3.617954017537247,6.982986451586308,56
expressed,"H4, GSK591 24 h",TSS_pm400,7,5.76320912329746,4.033898833179182,7.6233601293619735,56
expressed,"H4, GSK591 24 h",TSS_pm400,8,6.410263599481966,4.472480111664293,8.588328204868095,56
expressed,"H4, GSK591 24 h",TSS_pm400,9,6.886489979736507,4.836269523594529,9.22477708897886,56
expressed,"H4, GSK591 24 h",TSS_pm400,10,7.281898395318007,5.121302129849127,9.726927793236182,56
expressed,"H4, GSK591 24 h",TSS_pm400,11,7.887149087153373,5.542528711235416,10.582511770238302,56
expressed,"H4, GSK591 24 h",TSS_pm400,12,8.51771345915539,6.03632167795939,11.40316809606871,56
expressed,"H4, GSK591 24 h",TSS_pm400,13,8.924121524553213,6.331780084791993,11.871151468897503,56
expressed,"H4, GSK591 24 h",TSS_pm400,14,9.400827819747585,6.6906392451854675,12.613470357198798,56
expressed,"H4, GSK591 24 h",TSS_pm400,15,10.031650013583047,7.0911400712281445,13.34650206924017,56
expressed,"H4, GSK591 24 h",TSS_pm400,16,10.856221065244506,7.571264455741535,14.57025134961786,56
expressed,"H4, GSK591 24 h",TSS_pm400,17,11.302470238506796,7.9755205721301685,15.160760178353106,56
expressed,"H4, GSK591 24 h",TSS_pm400,18,11.994832750090533,8.472705977457974,16.077977727843184,56
expressed,"H4, GSK591 24 h",TSS_pm400,19,12.635114059916566,8.99051531699087,17.0193172396613,56
expressed,"H4, GSK591 24 h",TSS_pm400,20,13.117494990783081,9.373741292314868,17.64980937883258,56
expressed,"H4, GSK591 24 h",TSS_pm400,21,13.937974684791905,9.919336351017868,18.75155578501522,56
expressed,"H4, GSK591 24 h",TSS_pm400,22,14.674945345733848,10.495430320820637,19.63102314787252,56
expressed,"H4, GSK591 24 h",TSS_pm400,23,15.17216658954109,10.848922872511404,20.099355300233828,56
expressed,"H4, GSK591 24 h",TSS_pm400,24,15.877246053942613,11.355579967924529,20.91161744113479,56
expressed,"H4, GSK591 24 h",TSS_pm400,25,16.6197087221912,12.03115065603384,21.767843687028755,56
expressed,"H4, GSK591 24 h",TSS_pm400,26,17.154307231519905,12.406508545817012,22.52152268028153,56
expressed,"H4, GSK591 24 h",TSS_pm400,27,17.800858655997683,13.026197293230467,23.119072046918532,56
expressed,"H4, GSK591 24 h",TSS_pm400,28,18.270718259896555,13.347190144386673,23.575678886435927,56
expressed,"H4, GSK591 24 h",TSS_pm400,29,18.392870074723447,13.555767871093538,23.60006336701768,56
expressed,"H4, GSK591 24 h",TSS_pm400,30,18.188369956886284,13.405271534857395,23.149980803882436,56
expressed,"H4, GSK591 24 h",TSS_pm400,31,17.637483451409,13.305815953958247,22.321863171075073,56
expressed,"H4, GSK591 24 h",TSS_pm400,32,17.57501388256039,13.262973179497893,22.11305603360491,56
expressed,"H4, GSK591 24 h",TSS_pm400,33,17.15268523905959,13.07793131661202,21.47385881804994,56
expressed,"H4, GSK591 24 h",TSS_pm400,34,16.86605686545372,12.913492420017718,21.080121951018057,56
expressed,"H4, GSK591 24 h",TSS_pm400,35,16.76114412588733,12.96608008783843,20.913085335748537,56
expressed,"H4, GSK591 24 h",TSS_pm400,36,16.385685015363347,12.557061965002546,20.391318854684272,56
expressed,"H4, GSK591 24 h",TSS_pm400,37,15.756444487401419,12.16808110617101,19.53324825753058,56
expressed,"H4, GSK591 24 h",TSS_pm400,38,15.434434849023816,11.871061700454776,19.164627340563705,56
expressed,"H4, GSK591 24 h",TSS_pm400,39,14.688470238447191,11.291409630988323,18.396130311787125,56
expressed,"H4, GSK591 24 h",TSS_pm400,40,13.607147446700505,10.490406853545993,16.949924835392405,56
expressed,"H4, GSK591 24 h",TSS_pm400,41,13.036945328542162,9.940796192948307,16.21195809373898,56
expressed,"H4, GSK591 24 h",TSS_pm400,42,12.410554498859815,9.45245237737362,15.632467178883298,56
expressed,"H4, GSK591 24 h",TSS_pm400,43,11.595421501142637,8.718774619272773,14.78751065349472,56
expressed,"H4, GSK591 24 h",TSS_pm400,44,10.603801351359914,7.914087599962951,13.541389207009756,56
expressed,"H4, GSK591 24 h",TSS_pm400,45,9.922581203707631,7.3862552073810805,12.63793667335063,56
expressed,"H4, GSK591 24 h",TSS_pm400,46,9.442357634752986,7.067853107119777,12.064061511499544,56
expressed,"H4, GSK591 24 h",TSS_pm400,47,8.53840626339827,6.355732000020465,10.921138350221193,56
expressed,"H4, GSK591 24 h",TSS_pm400,48,7.8018032109098785,5.817592448150473,10.04720829880397,56
expressed,"H4, GSK591 24 h",TSS_pm400,49,7.152108578596795,5.310690008694572,9.272708557987851,56
expressed,"H4, GSK591 24 h",TSS_pm400,50,6.262177120042699,4.651549969483168,8.08165164174512,56
expressed,"H4, GSK591 24 h",TSS_pm400,51,5.603959912061691,4.15999733276133,7.186939332655497,56
expressed,"H4, GSK591 24 h",TSS_pm400,52,5.113429279731852,3.7977007833389314,6.627176062831923,56
expressed,"H4, GSK591 24 h",TSS_pm400,53,4.721693627536297,3.455953817649611,6.177970002147235,56
expressed,"H4, GSK591 24 h",TSS_pm400,54,4.342902664494302,3.1643515492390315,5.833215925198579,56
expressed,"H4, GSK591 24 h",TSS_pm400,55,4.035968263527113,2.8956642708016025,5.450694110981588,56
expressed,"H4, GSK591 24 h",TSS_pm400,56,3.700638520557966,2.70191667436223,4.964744329379339,56
expressed,"H4, GSK591 24 h",TSS_pm400,57,3.4307127915322786,2.4727892634645112,4.684844817931632,56
expressed,"H4, GSK591 24 h",TSS_pm400,58,3.169250581413508,2.2677516158750013,4.307746853008867,56
expressed,"H4, GSK591 24 h",TSS_pm400,59,3.0470302983054096,2.185494265282261,4.126724753534155,56
expressed,"H4, GSK591 24 h",TSS_pm400,60,2.890449529194407,2.0544912786010117,3.9051950994094033,56
expressed,"H4, GSK591 24 h",TSS_pm400,61,2.774919536071164,1.9738480245973917,3.738393681173079,56
expressed,"H4, GSK591 24 h",TSS_pm400,62,2.6232150333002204,1.8627963833730403,3.4902967421164997,56
expressed,"H4, GSK591 24 h",TSS_pm400,63,2.5707693221047516,1.8219693569213684,3.367081064021747,56
expressed,"H4, GSK591 24 h",TSS_pm400,64,2.5107822417680703,1.7863214345582359,3.2900940350163728,56
expressed,"H4, GSK591 24 h",TSS_pm400,65,2.489399293304554,1.7828545242049065,3.2506694252882147,56
expressed,"H4, GSK591 24 h",TSS_pm400,66,2.4781283356515424,1.8137586316872127,3.228640920616286,56
expressed,"H4, GSK591 24 h",TSS_pm400,67,2.3759593071682117,1.7397869767541332,3.0987430653667873,56
expressed,"H4, GSK591 24 h",TSS_pm400,68,2.3076284633151123,1.712086363442775,2.9871904965064355,56
expressed,"H4, GSK591 24 h",TSS_pm400,69,2.350760128189411,1.7508870470191218,3.025837529501212,56
expressed,"H4, GSK591 24 h",TSS_pm400,70,2.2821261904601533,1.695765603611778,2.9383397335452677,56
expressed,"H4, GSK591 24 h",TSS_pm400,71,2.249970969078796,1.6870151975484835,2.885703546230548,56
expressed,"H4, GSK591 24 h",TSS_pm400,72,2.106132344475814,1.5828892971681698,2.6763704645287776,56
expressed,"H4, GSK591 24 h",TSS_pm400,73,2.0670442240578786,1.570068737430764,2.617411638152386,56
expressed,"H4, GSK591 24 h",TSS_pm400,74,2.035210763130869,1.54071700340403,2.5960277768543785,56
expressed,"H4, GSK591 24 h",TSS_pm400,75,1.9638017385133677,1.4927771068444209,2.4882445150267865,56
expressed,"H4, GSK591 24 h",TSS_pm400,76,2.0123912803562627,1.5246364972880113,2.5428109613207295,56
expressed,"H4, GSK591 24 h",TSS_pm400,77,2.0714235969020853,1.5541483399780869,2.614271212236158,56
expressed,"H4, GSK591 24 h",TSS_pm400,78,2.143264229808535,1.6206905735975932,2.7073636461049317,56
expressed,"H4, GSK591 24 h",TSS_pm400,79,2.155199813523463,1.6308163771432425,2.755015279387256,56
expressed,HINFP (U2OS),TSS_pm400,0,0.10461092079058289,0.0749340638421875,0.13781190452232422,56
expressed,HINFP (U2OS),TSS_pm400,1,0.1081350473953145,0.07604230852598058,0.14320938262423233,56
expressed,HINFP (U2OS),TSS_pm400,2,0.1124010956047901,0.07882915105171769,0.14839819609952556,56
expressed,HINFP (U2OS),TSS_pm400,3,0.11221561527677945,0.07844891642486411,0.1485697651315214,56
expressed,HINFP (U2OS),TSS_pm400,4,0.11054629227146506,0.07490624109283091,0.1491354808048345,56
expressed,HINFP (U2OS),TSS_pm400,5,0.11165917467858111,0.07493406378198414,0.15061932491604238,56
expressed,HINFP (U2OS),TSS_pm400,6,0.11369945844635368,0.07566671108394595,0.1532392341387458,56
expressed,HINFP (U2OS),TSS_pm400,7,0.11870742812752724,0.08156498648625399,0.1595131068217701,56
expressed,HINFP (U2OS),TSS_pm400,8,0.11722358518413135,0.08030835697726744,0.15821938100836372,56
expressed,HINFP (U2OS),TSS_pm400,9,0.1157397422939539,0.07863903398758598,0.157115772534827,56
expressed,HINFP (U2OS),TSS_pm400,10,0.11666714461254223,0.07790174960557904,0.1591421467152291,56
expressed,HINFP (U2OS),TSS_pm400,11,0.1194493497854897,0.07973800512429859,0.1632412627472409,56
expressed,HINFP (U2OS),TSS_pm400,12,0.12223155494513256,0.08345224947535566,0.16509142894863282,56
expressed,HINFP (U2OS),TSS_pm400,13,0.12334443696641496,0.08400405310759587,0.16711780150653793,56
expressed,HINFP (U2OS),TSS_pm400,14,0.12686856382393413,0.08420344470667519,0.17435617296657127,56
expressed,HINFP (U2OS),TSS_pm400,15,0.13595710124022195,0.08884509068680928,0.18925024545884553,56
expressed,HINFP (U2OS),TSS_pm400,16,0.15209390286888397,0.09940355907992593,0.21350182401581794,56
expressed,HINFP (U2OS),TSS_pm400,17,0.1745370328958545,0.11054165500083141,0.2504078089718573,56
expressed,HINFP (U2OS),TSS_pm400,18,0.20124618453638896,0.12278800587768533,0.2956648991070687,56
expressed,HINFP (U2OS),TSS_pm400,19,0.23228330426361588,0.1326834085570382,0.35410230694150197,56
expressed,HINFP (U2OS),TSS_pm400,20,0.2745109762730343,0.15374468056950716,0.41830466369632624,56
expressed,HINFP (U2OS),TSS_pm400,21,0.34054202263110456,0.18361172690388883,0.5280858093703032,56
expressed,HINFP (U2OS),TSS_pm400,22,0.435137105640024,0.23275014996794716,0.6787055452464019,56
expressed,HINFP (U2OS),TSS_pm400,23,0.49820033817418985,0.25866621528619105,0.800774337108513,56
expressed,HINFP (U2OS),TSS_pm400,24,0.5740617249427097,0.2877912986830675,0.9267478685739582,56
expressed,HINFP (U2OS),TSS_pm400,25,0.6443588014292929,0.3106381015160254,1.046072334178191,56
expressed,HINFP (U2OS),TSS_pm400,26,0.6988899869445179,0.3368277632940694,1.145020935137623,56
expressed,HINFP (U2OS),TSS_pm400,27,0.7400665510711927,0.3485126750044791,1.2421802915679292,56
expressed,HINFP (U2OS),TSS_pm400,28,0.7964525573487792,0.3723979660269937,1.3590792575757948,56
expressed,HINFP (U2OS),TSS_pm400,29,0.8556210340532874,0.39318126988830043,1.4592254373953406,56
expressed,HINFP (U2OS),TSS_pm400,30,0.9053297437195266,0.40859922471456234,1.5486081651352077,56
expressed,HINFP (U2OS),TSS_pm400,31,0.9444663073069284,0.42959577057311044,1.614314883914111,56
expressed,HINFP (U2OS),TSS_pm400,32,0.9915776228399149,0.4416003424507965,1.6993809685516832,56
expressed,HINFP (U2OS),TSS_pm400,33,1.0365873656191285,0.459745534603883,1.7793304703601946,56
expressed,HINFP (U2OS),TSS_pm400,34,1.0748586355841587,0.47717567613015754,1.8371193030736008,56
expressed,HINFP (U2OS),TSS_pm400,35,1.0950762773730927,0.48482256216196606,1.8670364394617662,56
expressed,HINFP (U2OS),TSS_pm400,36,1.1041648088023066,0.4916992672180225,1.8933933838210735,56
expressed,HINFP (U2OS),TSS_pm400,37,1.0793099555719112,0.4812286564208833,1.841967953527346,56
expressed,HINFP (U2OS),TSS_pm400,38,1.0635441765189173,0.4841962678777054,1.8049091342750134,56
expressed,HINFP (U2OS),TSS_pm400,39,1.040420879095438,0.4822457534026,1.746363609386386,56
expressed,HINFP (U2OS),TSS_pm400,40,0.9965858507103154,0.46516159785778394,1.6800434296238898,56
expressed,HINFP (U2OS),TSS_pm400,41,0.9403854543609278,0.43769197870178944,1.5843779709582617,56
expressed,HINFP (U2OS),TSS_pm400,42,0.8567336612647133,0.3899770160568213,1.458394800493427,56
expressed,HINFP (U2OS),TSS_pm400,43,0.8003478841856122,0.3727551621265177,1.3525930348424504,56
expressed,HINFP (U2OS),TSS_pm400,44,0.729679580724665,0.3443255771403866,1.2288117396971212,56
expressed,HINFP (U2OS),TSS_pm400,45,0.6629069909453392,0.3249105180803287,1.1095762311474286,56
expressed,HINFP (U2OS),TSS_pm400,46,0.6061499026737043,0.2930034469387361,1.021083484490934,56
expressed,HINFP (U2OS),TSS_pm400,47,0.5638602840315019,0.28122524434833657,0.9321083418339756,56
expressed,HINFP (U2OS),TSS_pm400,48,0.5124822238460183,0.2633682370551729,0.8276828430679494,56
expressed,HINFP (U2OS),TSS_pm400,49,0.4520156324574991,0.24315552801725318,0.7274863717465528,56
expressed,HINFP (U2OS),TSS_pm400,50,0.4030490120074579,0.2233185218161504,0.6347928987995588,56
expressed,HINFP (U2OS),TSS_pm400,51,0.3665093061115061,0.21215711838366197,0.567060014795778,56
expressed,HINFP (U2OS),TSS_pm400,52,0.32663095244871715,0.20140385406823566,0.4872940433191667,56
expressed,HINFP (U2OS),TSS_pm400,53,0.27580930933888476,0.17471320615648955,0.4020148393658122,56
expressed,HINFP (U2OS),TSS_pm400,54,0.23407621692333905,0.15246023313741067,0.3327516340624009,56
expressed,HINFP (U2OS),TSS_pm400,55,0.20681061877736026,0.14128038715571165,0.28286224387453074,56
expressed,HINFP (U2OS),TSS_pm400,56,0.18121431445969002,0.13056889672763644,0.23871323252562432,56
expressed,HINFP (U2OS),TSS_pm400,57,0.18139978804226434,0.13131545530166477,0.23685841414212647,56
expressed,HINFP (U2OS),TSS_pm400,58,0.1691580855819796,0.12074771201371083,0.22387479098147847,56
expressed,HINFP (U2OS),TSS_pm400,59,0.1561744592285582,0.11146905702439003,0.20682450744489736,56
expressed,HINFP (U2OS),TSS_pm400,60,0.14931168568187525,0.10590928308665752,0.19772205818710584,56
expressed,HINFP (U2OS),TSS_pm400,61,0.13706998275592921,0.09552238315343857,0.1825126697475623,56
expressed,HINFP (U2OS),TSS_pm400,62,0.1292798077288483,0.092359943163049,0.17139312170645488,56
expressed,HINFP (U2OS),TSS_pm400,63,0.12167511317612868,0.08587276733646701,0.16192434984192783,56
expressed,HINFP (U2OS),TSS_pm400,64,0.12709526105798663,0.08994509162717602,0.16927658522061795,56
expressed,HINFP (U2OS),TSS_pm400,65,0.1266830824182502,0.08828401179684858,0.1697191618868549,56
expressed,HINFP (U2OS),TSS_pm400,66,0.13336037526439343,0.09310650134159784,0.17694825854717885,56
expressed,HINFP (U2OS),TSS_pm400,67,0.1350296988817198,0.09181277599418536,0.18327313934685663,56
expressed,HINFP (U2OS),TSS_pm400,68,0.13020720978134445,0.08643384608905763,0.17589102148311211,56
expressed,HINFP (U2OS),TSS_pm400,69,0.12890884704621774,0.08865497282074232,0.17325720006932638,56
expressed,HINFP (U2OS),TSS_pm400,70,0.12649760223659023,0.08809389449822316,0.16898187733920556,56
expressed,HINFP (U2OS),TSS_pm400,71,0.12538472041487694,0.08680016941657025,0.1695615036406421,56
expressed,HINFP (U2OS),TSS_pm400,72,0.12297347607091069,0.08197768002881535,0.1693528398016601,56
expressed,HINFP (U2OS),TSS_pm400,73,0.12557020134159497,0.08383712147229484,0.173628161104529,56
expressed,HINFP (U2OS),TSS_pm400,74,0.12445731917396188,0.08566873974732257,0.16935747686274616,56
expressed,HINFP (U2OS),TSS_pm400,75,0.12111867285732712,0.08420344420841762,0.1658194401767105,56
expressed,HINFP (U2OS),TSS_pm400,76,0.11963482956801143,0.08382784652723266,0.16230458575833054,56
expressed,HINFP (U2OS),TSS_pm400,77,0.11889290777700288,0.08290044455689245,0.15862279954865305,56
expressed,HINFP (U2OS),TSS_pm400,78,0.11332849700536048,0.07881060301725354,0.15339689066300966,56
expressed,HINFP (U2OS),TSS_pm400,79,0.11110273277653115,0.07751224069989153,0.14913084253668785,56
expressed,NPAT (U2OS),TSS_pm400,0,0.7889383986620803,0.5185955826080718,1.1324176721127552,56
expressed,NPAT (U2OS),TSS_pm400,1,0.807733509962314,0.53266955636924,1.1554473979094257,56
expressed,NPAT (U2OS),TSS_pm400,2,0.819306749158672,0.5390622996435767,1.1762522920354135,56
expressed,NPAT (U2OS),TSS_pm400,3,0.8257484582119755,0.5381613819899835,1.186501647924472,56
expressed,NPAT (U2OS),TSS_pm400,4,0.8246568563527295,0.5385544377591993,1.1881967244816145,56
expressed,NPAT (U2OS),TSS_pm400,5,0.8349200668012989,0.543282281134577,1.2067171501414846,56
expressed,NPAT (U2OS),TSS_pm400,6,0.849332122345056,0.5519949815532059,1.2257285263379372,56
expressed,NPAT (U2OS),TSS_pm400,7,0.84845841829665,0.5498112060768263,1.2216555896847108,56
expressed,NPAT (U2OS),TSS_pm400,8,0.8530442615372262,0.5559253551794349,1.221767838845595,56
expressed,NPAT (U2OS),TSS_pm400,9,0.8540269022541388,0.5611033742758444,1.209132537304956,56
expressed,NPAT (U2OS),TSS_pm400,10,0.838741480020274,0.5524262741474169,1.1866275825547719,56
expressed,NPAT (U2OS),TSS_pm400,11,0.821053848894579,0.5451711017861297,1.1596809087706996,56
expressed,NPAT (U2OS),TSS_pm400,12,0.8065324185948287,0.5383225306293128,1.1352186208437864,56
expressed,NPAT (U2OS),TSS_pm400,13,0.7809837949994421,0.5241014858914007,1.0949332312780562,56
expressed,NPAT (U2OS),TSS_pm400,14,0.7603481337428092,0.5088731966267473,1.0730500604351982,56
expressed,NPAT (U2OS),TSS_pm400,15,0.7427697859704494,0.5055513823118859,1.0386711896488643,56
expressed,NPAT (U2OS),TSS_pm400,16,0.7417872739756214,0.504852883823582,1.0293741939606016,56
expressed,NPAT (U2OS),TSS_pm400,17,0.7226803265245898,0.49686033068723706,0.9964012417373516,56
expressed,NPAT (U2OS),TSS_pm400,18,0.7091416302270123,0.48998194939323836,0.9738332154295806,56
expressed,NPAT (U2OS),TSS_pm400,19,0.6930916855377811,0.4754880064888858,0.9478695072549661,56
expressed,NPAT (U2OS),TSS_pm400,20,0.6768233777955174,0.4635541186080913,0.9272993131497475,56
expressed,NPAT (U2OS),TSS_pm400,21,0.695711901211845,0.493336385944193,0.9387911320793709,56
expressed,NPAT (U2OS),TSS_pm400,22,0.7320697795865793,0.5180718859937042,0.9846775804134086,56
expressed,NPAT (U2OS),TSS_pm400,23,0.7594747528965983,0.5420646898082591,1.0241035695833023,56
expressed,NPAT (U2OS),TSS_pm400,24,0.8042396025266499,0.5764736502717382,1.0774310707846386,56
expressed,NPAT (U2OS),TSS_pm400,25,0.8431087263061531,0.602972329499067,1.118554874879441,56
expressed,NPAT (U2OS),TSS_pm400,26,0.8819776202418975,0.626078135778163,1.1667013359525507,56
expressed,NPAT (U2OS),TSS_pm400,27,0.9352589200649942,0.6656159773828195,1.2516922939281045,56
expressed,NPAT (U2OS),TSS_pm400,28,0.9696513963464115,0.6944918386135915,1.3059313491242932,56
expressed,NPAT (U2OS),TSS_pm400,29,1.010157857050321,0.7215579979560737,1.3577792973530345,56
expressed,NPAT (U2OS),TSS_pm400,30,1.0499004335807902,0.7459195476108496,1.4128535832414801,56
expressed,NPAT (U2OS),TSS_pm400,31,1.0925908414913077,0.774492561940902,1.4664212620990085,56
expressed,NPAT (U2OS),TSS_pm400,32,1.1470732483813273,0.8124884592673542,1.5462833444752528,56
expressed,NPAT (U2OS),TSS_pm400,33,1.1907464295758732,0.8506152594059572,1.5921456040731359,56
expressed,NPAT (U2OS),TSS_pm400,34,1.2445735274547975,0.8844235332077368,1.6615829353583313,56
expressed,NPAT (U2OS),TSS_pm400,35,1.2903208218248827,0.9200880287245049,1.7229297554948633,56
expressed,NPAT (U2OS),TSS_pm400,36,1.3464409095767356,0.9544721873131178,1.7984186683109564,56
expressed,NPAT (U2OS),TSS_pm400,37,1.406163751879441,1.003683551898825,1.87780017540524,56
expressed,NPAT (U2OS),TSS_pm400,38,1.4842293826064894,1.0604802361489936,1.9857164963208405,56
expressed,NPAT (U2OS),TSS_pm400,39,1.546354173775762,1.1143838996430195,2.056144465309502,56
expressed,NPAT (U2OS),TSS_pm400,40,1.5913375545559185,1.1501059988523568,2.1078041459184274,56
expressed,NPAT (U2OS),TSS_pm400,41,1.6404699920011419,1.1844383178900795,2.162390560477507,56
expressed,NPAT (U2OS),TSS_pm400,42,1.6716960782717378,1.1942894829556876,2.2099938036910527,56
expressed,NPAT (U2OS),TSS_pm400,43,1.7035770295720016,1.2165949953866326,2.255301302526412,56
expressed,NPAT (U2OS),TSS_pm400,44,1.7093639454205651,1.214523527664964,2.2601113975255953,56
expressed,NPAT (U2OS),TSS_pm400,45,1.7110017594083085,1.2090453989231693,2.272787739320857,56
expressed,NPAT (U2OS),TSS_pm400,46,1.7004424440883554,1.1979916728835323,2.2708868466984304,56
expressed,NPAT (U2OS),TSS_pm400,47,1.6765004177644316,1.1758650069680467,2.249057032548589,56
expressed,NPAT (U2OS),TSS_pm400,48,1.6672195485260872,1.1680911595547308,2.2367245336129726,56
expressed,NPAT (U2OS),TSS_pm400,49,1.63948719581323,1.1550298887604313,2.202796128398207,56
expressed,NPAT (U2OS),TSS_pm400,50,1.607387433427253,1.136261468216045,2.1700411868823823,56
expressed,NPAT (U2OS),TSS_pm400,51,1.5844593847436566,1.114100363730852,2.139713292067338,56
expressed,NPAT (U2OS),TSS_pm400,52,1.549957330045956,1.0866790835898634,2.0849932042123482,56
expressed,NPAT (U2OS),TSS_pm400,53,1.524081064873774,1.0753265804589525,2.0561119458641453,56
expressed,NPAT (U2OS),TSS_pm400,54,1.4700353802314825,1.0368669649100464,1.9728652195037073,56
expressed,NPAT (U2OS),TSS_pm400,55,1.436188773903996,1.0205250784023,1.9420676386210003,56
expressed,NPAT (U2OS),TSS_pm400,56,1.3811606908749259,0.9826930701932204,1.869883919329316,56
expressed,NPAT (U2OS),TSS_pm400,57,1.3356318008686816,0.9427239502770163,1.8121572425173194,56
expressed,NPAT (U2OS),TSS_pm400,58,1.2701769354487102,0.8907888818392531,1.7348939903256753,56
expressed,NPAT (U2OS),TSS_pm400,59,1.207342228951997,0.835752538791525,1.6638625489670915,56
expressed,NPAT (U2OS),TSS_pm400,60,1.1612670339444386,0.7972272909971485,1.6030774928147107,56
expressed,NPAT (U2OS),TSS_pm400,61,1.0877870989032092,0.7454502910951021,1.5114049024131548,56
expressed,NPAT (U2OS),TSS_pm400,62,1.0188927943153043,0.6947622391172418,1.411928753227528,56
expressed,NPAT (U2OS),TSS_pm400,63,0.9645196499169936,0.6509334489124428,1.3373372736513343,56
expressed,NPAT (U2OS),TSS_pm400,64,0.9198640310205519,0.6248141841473989,1.2780296670871651,56
expressed,NPAT (U2OS),TSS_pm400,65,0.871605249926714,0.5888167279986999,1.2069706996924443,56
expressed,NPAT (U2OS),TSS_pm400,66,0.8361211154343825,0.5662105090899526,1.1607809356047905,56
expressed,NPAT (U2OS),TSS_pm400,67,0.809589575224423,0.5512414690798947,1.1287246909601214,56
expressed,NPAT (U2OS),TSS_pm400,68,0.7686459811936531,0.5274424391510963,1.065704812531725,56
expressed,NPAT (U2OS),TSS_pm400,69,0.7476831216764236,0.5236266731093304,1.0270377947042497,56
expressed,NPAT (U2OS),TSS_pm400,70,0.7267201851853835,0.5123865006466597,0.97863221394713,56
expressed,NPAT (U2OS),TSS_pm400,71,0.6997518871777821,0.49513265352064195,0.9471244394752596,56
expressed,NPAT (U2OS),TSS_pm400,72,0.667543232254684,0.47699221429780925,0.8912667543281404,56
expressed,NPAT (U2OS),TSS_pm400,73,0.6422126121020744,0.4590012341142366,0.8585061346293824,56
expressed,NPAT (U2OS),TSS_pm400,74,0.6317309903912246,0.4511400761970852,0.8481529316768451,56
expressed,NPAT (U2OS),TSS_pm400,75,0.6176465663792831,0.44424254096212923,0.8283475304403273,56
expressed,NPAT (U2OS),TSS_pm400,76,0.6005049742492181,0.43116262262720345,0.8073295381182937,56
expressed,NPAT (U2OS),TSS_pm400,77,0.577358064301578,0.4178176258535989,0.7686297362939721,56
expressed,NPAT (U2OS),TSS_pm400,78,0.5690602240684841,0.42116945632500574,0.7457831979802412,56
expressed,NPAT (U2OS),TSS_pm400,79,0.5665491125679442,0.41979121524873864,0.7262941275334117,56
expressed,IgG (U2OS),TSS_pm400,0,0.11368549173431737,0.08133790149885631,0.14389741108087556,56
expressed,IgG (U2OS),TSS_pm400,1,0.11449752697455032,0.0808750600401046,0.14471758225733147,56
expressed,IgG (U2OS),TSS_pm400,2,0.11595918903393405,0.08087911353047406,0.1461711071790861,56
expressed,IgG (U2OS),TSS_pm400,3,0.11758325105266912,0.0828198701169874,0.14781545131999466,56
expressed,IgG (U2OS),TSS_pm400,4,0.12018176024513584,0.08445211663310016,0.15170507293061486,56
expressed,IgG (U2OS),TSS_pm400,5,0.12099379354289601,0.08526003267882125,0.1515345769814615,56
expressed,IgG (U2OS),TSS_pm400,6,0.12359231162284101,0.08687193980041359,0.1559236580984933,56
expressed,IgG (U2OS),TSS_pm400,7,0.12667804402964458,0.08932021302038005,0.16143732732960156,56
expressed,IgG (U2OS),TSS_pm400,8,0.13187510847513165,0.09319772351134036,0.16989070243135626,56
expressed,IgG (U2OS),TSS_pm400,9,0.1305758378335408,0.09061137010809035,0.16955769829318992,56
expressed,IgG (U2OS),TSS_pm400,10,0.12732769402542282,0.09045305200320268,0.16354860710113178,56
expressed,IgG (U2OS),TSS_pm400,11,0.13349919718291078,0.09630372859604124,0.16695923330727963,56
expressed,IgG (U2OS),TSS_pm400,12,0.13155031092464925,0.0965920300369284,0.16485607050026632,56
expressed,IgG (U2OS),TSS_pm400,13,0.13582705136920725,0.09922710014374128,0.17215222298167646,56
expressed,IgG (U2OS),TSS_pm400,14,0.13436537039067065,0.09906195519225937,0.16893385369064548,56
expressed,IgG (U2OS),TSS_pm400,15,0.1276525150186249,0.09240192584161246,0.16209923602840196,56
expressed,IgG (U2OS),TSS_pm400,16,0.12813971311386144,0.09305150887995427,0.16305734937478386,56
expressed,IgG (U2OS),TSS_pm400,17,0.12115618206028426,0.08818338329305073,0.15429141062910537,56
expressed,IgG (U2OS),TSS_pm400,18,0.12083137266870057,0.0875337573347081,0.15282563302466382,56
expressed,IgG (U2OS),TSS_pm400,19,0.12131860716534512,0.08703432462311216,0.1528257272126419,56
expressed,IgG (U2OS),TSS_pm400,20,0.1120613656671984,0.07905199655398194,0.14243976601466002,56
expressed,IgG (U2OS),TSS_pm400,21,0.11595916375517845,0.08331115918832699,0.14731604855174996,56
expressed,IgG (U2OS),TSS_pm400,22,0.12359231851462806,0.08948261764299657,0.1572147897936936,56
expressed,IgG (U2OS),TSS_pm400,23,0.12440434013094219,0.09045707339820054,0.1585221193770745,56
expressed,IgG (U2OS),TSS_pm400,24,0.12732768883662565,0.09370931738854518,0.1611084513113435,56
expressed,IgG (U2OS),TSS_pm400,25,0.1370721582589405,0.10278790869018328,0.17296830440405753,56
expressed,IgG (U2OS),TSS_pm400,26,0.13593530572418655,0.09906061548540103,0.1706946370278352,56
expressed,IgG (U2OS),TSS_pm400,27,0.13804661647549696,0.10393290888518096,0.17166494235529434,56
expressed,IgG (U2OS),TSS_pm400,28,0.13999552670866253,0.10669382608362607,0.17101534844243102,56
expressed,IgG (U2OS),TSS_pm400,29,0.14714146493268862,0.11221570569223592,0.17881097065417892,56
expressed,IgG (U2OS),TSS_pm400,30,0.1479534940528018,0.11384383256547154,0.17979756608073197,56
expressed,IgG (U2OS),TSS_pm400,31,0.14503012073359317,0.1099459763163967,0.17946052319436737,56
expressed,IgG (U2OS),TSS_pm400,32,0.14779103589909415,0.11269877982858038,0.18370745888911186,56
expressed,IgG (U2OS),TSS_pm400,33,0.1453549175124083,0.109775444814004,0.18045124413246022,56
expressed,IgG (U2OS),TSS_pm400,34,0.14584213271737098,0.10848837565364583,0.18189659002902253,56
expressed,IgG (U2OS),TSS_pm400,35,0.1482782577297517,0.11108690008121941,0.18434083329314097,56
expressed,IgG (U2OS),TSS_pm400,36,0.14600455638553414,0.10912175302393733,0.18222956025773393,56
expressed,IgG (U2OS),TSS_pm400,37,0.15217604307191715,0.11368543154160891,0.18856754398771694,56
expressed,IgG (U2OS),TSS_pm400,38,0.15363771407199756,0.11526889873668554,0.18938769792007012,56
expressed,IgG (U2OS),TSS_pm400,39,0.15428735392966444,0.1148182748610686,0.19294441044663213,56
expressed,IgG (U2OS),TSS_pm400,40,0.16192050504365138,0.12228491580446382,0.20041105694403605,56
expressed,IgG (U2OS),TSS_pm400,41,0.16457315010151694,0.1250526286209268,0.20117573007741674,56
expressed,IgG (U2OS),TSS_pm400,42,0.15786032054041113,0.12180581804764058,0.19263178551835675,56
expressed,IgG (U2OS),TSS_pm400,43,0.15721071460949523,0.121964199755873,0.1913204119148265,56
expressed,IgG (U2OS),TSS_pm400,44,0.1593220092888389,0.12163531543354371,0.19538051432796882,56
expressed,IgG (U2OS),TSS_pm400,45,0.15493700110486572,0.1185577052685299,0.19294446981645055,56
expressed,IgG (U2OS),TSS_pm400,46,0.15152643426720586,0.11741671945567111,0.19018756930716338,56
expressed,IgG (U2OS),TSS_pm400,47,0.14779106849538426,0.11401027780026197,0.18467793559455972,56
expressed,IgG (U2OS),TSS_pm400,48,0.1500647715159825,0.11595104186263468,0.18482407033709541,56
expressed,IgG (U2OS),TSS_pm400,49,0.14600459582039288,0.11286942471350943,0.17865260364886906,56
expressed,IgG (U2OS),TSS_pm400,50,0.14503014308533496,0.11206142669344055,0.17864848753770016,56
expressed,IgG (U2OS),TSS_pm400,51,0.1390210694500378,0.10750179534511904,0.17166908302876566,56
expressed,IgG (U2OS),TSS_pm400,52,0.13561052570917778,0.10312492682199391,0.16809611513345904,56
expressed,IgG (U2OS),TSS_pm400,53,0.13512331550674778,0.1034497480187565,0.16776722178461828,56
expressed,IgG (U2OS),TSS_pm400,54,0.13642259115087135,0.1065395849810115,0.16972023435070044,56
expressed,IgG (U2OS),TSS_pm400,55,0.13609774309609618,0.10556102210522764,0.16923702937816934,56
expressed,IgG (U2OS),TSS_pm400,56,0.13284957749502999,0.10198806932528637,0.16436069326807876,56
expressed,IgG (U2OS),TSS_pm400,57,0.12960140952574353,0.09905248591476785,0.1603086561589901,56
expressed,IgG (U2OS),TSS_pm400,58,0.13187509881598608,0.09988082231554603,0.16240772734928346,56
expressed,IgG (U2OS),TSS_pm400,59,0.1252164012353335,0.09614137364085762,0.1539625469595194,56
expressed,IgG (U2OS),TSS_pm400,60,0.1232675168131079,0.09241005634622915,0.15527403899734574,56
expressed,IgG (U2OS),TSS_pm400,61,0.12001935179744448,0.08655925375675515,0.1551034079944449,56
expressed,IgG (U2OS),TSS_pm400,62,0.12196824303162948,0.08671762928499707,0.15851810579986442,56
expressed,IgG (U2OS),TSS_pm400,63,0.12148100970579045,0.08737539489088314,0.1583515477972105,56
expressed,IgG (U2OS),TSS_pm400,64,0.11742081322840282,0.08266151697108788,0.15250897503457964,56
expressed,IgG (U2OS),TSS_pm400,65,0.1177456115505525,0.0824949978917305,0.15363769772595592,56
expressed,IgG (U2OS),TSS_pm400,66,0.12066893010799375,0.08396481555553952,0.15802669864680088,56
expressed,IgG (U2OS),TSS_pm400,67,0.1193696697375604,0.08249500255632614,0.15624435307990225,56
expressed,IgG (U2OS),TSS_pm400,68,0.11758319631751095,0.0808668857167608,0.1547745176398062,56
expressed,IgG (U2OS),TSS_pm400,69,0.11790800475116285,0.08087904310918279,0.15706045958812212,56
expressed,IgG (U2OS),TSS_pm400,70,0.12294263448566198,0.08249904988466629,0.1661512336228043,56
expressed,IgG (U2OS),TSS_pm400,71,0.1296013385855726,0.0909117940174682,0.16907045736709345,56
expressed,IgG (U2OS),TSS_pm400,72,0.13122542846415725,0.0909402048694236,0.17183550862861532,56
expressed,IgG (U2OS),TSS_pm400,73,0.13690970702362912,0.09662854113549527,0.17849013953203602,56
expressed,IgG (U2OS),TSS_pm400,74,0.13349914617304293,0.09354278191857573,0.1742675314550953,56
expressed,IgG (U2OS),TSS_pm400,75,0.1333367528659957,0.09548762445670686,0.17410920232002225,56
expressed,IgG (U2OS),TSS_pm400,76,0.14454290318701948,0.10475301151563016,0.18888021782572786,56
expressed,IgG (U2OS),TSS_pm400,77,0.1513640444725752,0.10800119982367115,0.20452415377566854,56
expressed,IgG (U2OS),TSS_pm400,78,0.15006474812648124,0.10816360579005309,0.20188899406631075,56
expressed,IgG (U2OS),TSS_pm400,79,0.14990233781614476,0.10734748854102302,0.20011469154751726,56
nonexpressed,"H3, DMSO 24 h",TSS_pm400,0,0.1269815361996492,0.05240030894676844,0.22250468327353393,60
nonexpressed,"H3, DMSO 24 h",TSS_pm400,1,0.11994235048691432,0.044906185120344166,0.2151452199667692,60
nonexpressed,"H3, DMSO 24 h",TSS_pm400,2,0.12030459115902584,0.044399458728730676,0.21633688818663357,60
nonexpressed,"H3, DMSO 24 h",TSS_pm400,3,0.11926611681779226,0.04252301338066657,0.21815400476753713,60
nonexpressed,"H3, DMSO 24 h",TSS_pm400,4,0.13304117617507774,0.04859482957981527,0.24214857599449643,60
nonexpressed,"H3, DMSO 24 h",TSS_pm400,5,0.13837061513629223,0.04787341836384601,0.2588676667900549,60
nonexpressed,"H3, DMSO 24 h",TSS_pm400,6,0.137881151214242,0.04923737674020231,0.2583885407603035,60
nonexpressed,"H3, DMSO 24 h",TSS_pm400,7,0.14228601875404517,0.059598721753184994,0.2616978080632785,60
nonexpressed,"H3, DMSO 24 h",TSS_pm400,8,0.14305875065426032,0.060111701603358,0.2624500578859199,60
nonexpressed,"H3, DMSO 24 h",TSS_pm400,9,0.14837819941341876,0.05887434553354979,0.27412770073177906,60
nonexpressed,"H3, DMSO 24 h",TSS_pm400,10,0.15642334925631682,0.05855494085450968,0.29836787501908835,60
nonexpressed,"H3, DMSO 24 h",TSS_pm400,11,0.1680438308555771,0.05584120510518551,0.33937532435316176,60
nonexpressed,"H3, DMSO 24 h",TSS_pm400,12,0.16786499939858912,0.04603652973038455,0.3465903345985956,60
nonexpressed,"H3, DMSO 24 h",TSS_pm400,13,0.16028631411492825,0.0396668251324445,0.3408285956891875,60
nonexpressed,"H3, DMSO 24 h",TSS_pm400,14,0.16227738556762536,0.04075565894134343,0.35069988059562934,60
nonexpressed,"H3, DMSO 24 h",TSS_pm400,15,0.15317590681215126,0.04075537459241847,0.32713545407168565,60
nonexpressed,"H3, DMSO 24 h",TSS_pm400,16,0.15406880644460522,0.04271524129062892,0.3227225895797212,60
nonexpressed,"H3, DMSO 24 h",TSS_pm400,17,0.13956870277722674,0.03783725173274677,0.2880802618277569,60
nonexpressed,"H3, DMSO 24 h",TSS_pm400,18,0.1408028459052245,0.03933600387473901,0.2917980329754452,60
nonexpressed,"H3, DMSO 24 h",TSS_pm400,19,0.14754782264431315,0.03585539856925607,0.32851812316725654,60
nonexpressed,"H3, DMSO 24 h",TSS_pm400,20,0.1555769517272711,0.03967172914991776,0.3436579137568673,60
nonexpressed,"H3, DMSO 24 h",TSS_pm400,21,0.16037065332134565,0.03508873431632916,0.3691110105328261,60
nonexpressed,"H3, DMSO 24 h",TSS_pm400,22,0.19001905937989552,0.05534279095008969,0.40582212305938203,60
nonexpressed,"H3, DMSO 24 h",TSS_pm400,23,0.22110742554068566,0.07939330810060104,0.4542468493680159,60
nonexpressed,"H3, DMSO 24 h",TSS_pm400,24,0.24768683991084497,0.09190952093775073,0.4963300372992331,60
nonexpressed,"H3, DMSO 24 h",TSS_pm400,25,0.25338812307351166,0.08781454751288725,0.49881166260751575,60
nonexpressed,"H3, DMSO 24 h",TSS_pm400,26,0.2543156878277659,0.08307849697644512,0.5090762608833609,60
nonexpressed,"H3, DMSO 24 h",TSS_pm400,27,0.2703462963054577,0.08023757291336855,0.5491545865920683,60
nonexpressed,"H3, DMSO 24 h",TSS_pm400,28,0.280405425876379,0.08016305088996888,0.5767939058740933,60
nonexpressed,"H3, DMSO 24 h",TSS_pm400,29,0.28013211049139497,0.08055389119374255,0.5747238676063715,60
nonexpressed,"H3, DMSO 24 h",TSS_pm400,30,0.25787680891652903,0.07317117082638046,0.5306027076225728,60
nonexpressed,"H3, DMSO 24 h",TSS_pm400,31,0.26559320551653703,0.07362889618364474,0.5522368845064193,60
nonexpressed,"H3, DMSO 24 h",TSS_pm400,32,0.24477056754132112,0.07297128166196247,0.4813666054674734,60
nonexpressed,"H3, DMSO 24 h",TSS_pm400,33,0.24146216083317995,0.07579311615508048,0.466350289767608,60
nonexpressed,"H3, DMSO 24 h",TSS_pm400,34,0.23716125234961508,0.08691393249233564,0.448449875994275,60
nonexpressed,"H3, DMSO 24 h",TSS_pm400,35,0.2393736410140991,0.09421289150541028,0.4372808879564205,60
nonexpressed,"H3, DMSO 24 h",TSS_pm400,36,0.23020332415898642,0.0896592694570621,0.42770126488804816,60
nonexpressed,"H3, DMSO 24 h",TSS_pm400,37,0.2316914764046669,0.09527625184382002,0.41684334736317397,60
nonexpressed,"H3, DMSO 24 h",TSS_pm400,38,0.23375550334652265,0.10458948465685051,0.40839031151930477,60
nonexpressed,"H3, DMSO 24 h",TSS_pm400,39,0.2516034309566021,0.12356692519535621,0.4172902733894685,60
nonexpressed,"H3, DMSO 24 h",TSS_pm400,40,0.2552551285922527,0.12499048631638288,0.4220836551301181,60
nonexpressed,"H3, DMSO 24 h",TSS_pm400,41,0.25316058566172916,0.1254618849133452,0.41725819848726187,60
nonexpressed,"H3, DMSO 24 h",TSS_pm400,42,0.24315955420335136,0.1229883993839224,0.4015614724357923,60
nonexpressed,"H3, DMSO 24 h",TSS_pm400,43,0.2508154255896807,0.1264002164832006,0.41690353590932977,60
nonexpressed,"H3, DMSO 24 h",TSS_pm400,44,0.2539796527475119,0.12794772461305062,0.4203108112476766,60
nonexpressed,"H3, DMSO 24 h",TSS_pm400,45,0.2588968891153733,0.13580073179428775,0.4164856349111845,60
nonexpressed,"H3, DMSO 24 h",TSS_pm400,46,0.26314941855768365,0.13805068292220432,0.4241563398111612,60
nonexpressed,"H3, DMSO 24 h",TSS_pm400,47,0.24838254901270068,0.13030542642623186,0.39917702479225897,60
nonexpressed,"H3, DMSO 24 h",TSS_pm400,48,0.23468668577571708,0.11561781917326153,0.38773997203074395,60
nonexpressed,"H3, DMSO 24 h",TSS_pm400,49,0.2308102597544591,0.1154333809328576,0.3776961672330896,60
nonexpressed,"H3, DMSO 24 h",TSS_pm400,50,0.22251645825803285,0.11151222800835968,0.35615676135880253,60
nonexpressed,"H3, DMSO 24 h",TSS_pm400,51,0.22235598800083,0.11181283360533417,0.35398099807774014,60
nonexpressed,"H3, DMSO 24 h",TSS_pm400,52,0.21634556509554387,0.10977514924233159,0.34715361555789903,60
nonexpressed,"H3, DMSO 24 h",TSS_pm400,53,0.19158769734203815,0.08834747387530903,0.31893364138590796,60
nonexpressed,"H3, DMSO 24 h",TSS_pm400,54,0.1806536899258693,0.08437689048300187,0.2994145001073678,60
nonexpressed,"H3, DMSO 24 h",TSS_pm400,55,0.17051787329216797,0.07733880147710442,0.2839061564598232,60
nonexpressed,"H3, DMSO 24 h",TSS_pm400,56,0.17085480672617753,0.07731257161684335,0.28593795362114904,60
nonexpressed,"H3, DMSO 24 h",TSS_pm400,57,0.17056634344160554,0.07449212057515979,0.2842070534446587,60
nonexpressed,"H3, DMSO 24 h",TSS_pm400,58,0.16682883220414318,0.07310637741846343,0.27799236560737095,60
nonexpressed,"H3, DMSO 24 h",TSS_pm400,59,0.16395456559956073,0.07249232391702633,0.27470932783000174,60
nonexpressed,"H3, DMSO 24 h",TSS_pm400,60,0.16347077747186026,0.07275631640044351,0.2761116674449295,60
nonexpressed,"H3, DMSO 24 h",TSS_pm400,61,0.15577122608820596,0.07054356245261927,0.2603404731986423,60
nonexpressed,"H3, DMSO 24 h",TSS_pm400,62,0.1504787266999483,0.06793088457174598,0.2507478461582214,60
nonexpressed,"H3, DMSO 24 h",TSS_pm400,63,0.14043057543536025,0.06207710154602925,0.2377939276409646,60
nonexpressed,"H3, DMSO 24 h",TSS_pm400,64,0.13195534328619637,0.056985088424136236,0.22541783554169031,60
nonexpressed,"H3, DMSO 24 h",TSS_pm400,65,0.11467462370793026,0.04177952072645227,0.2081405954218159,60
nonexpressed,"H3, DMSO 24 h",TSS_pm400,66,0.1154413348933061,0.043128817442804585,0.2114518073772391,60
nonexpressed,"H3, DMSO 24 h",TSS_pm400,67,0.1126571590701739,0.03959175586948792,0.20683628432390588,60
nonexpressed,"H3, DMSO 24 h",TSS_pm400,68,0.1191765804340442,0.044444374581798916,0.2206539050315817,60
nonexpressed,"H3, DMSO 24 h",TSS_pm400,69,0.127225105886658,0.051520070051774385,0.22729397556371983,60
nonexpressed,"H3, DMSO 24 h",TSS_pm400,70,0.12681414775550365,0.0515329946198811,0.22496873524536687,60
nonexpressed,"H3, DMSO 24 h",TSS_pm400,71,0.12162975678841273,0.048381191945324344,0.21611317427642643,60
nonexpressed,"H3, DMSO 24 h",TSS_pm400,72,0.12500596513350806,0.04783390771970153,0.2269966728159537,60
nonexpressed,"H3, DMSO 24 h",TSS_pm400,73,0.1274214234451453,0.050514538627738755,0.2294816021956503,60
nonexpressed,"H3, DMSO 24 h",TSS_pm400,74,0.12161399222910403,0.04643289986873667,0.22240819718750818,60
nonexpressed,"H3, DMSO 24 h",TSS_pm400,75,0.12002220928668976,0.04548326685093343,0.2212945053974787,60
nonexpressed,"H3, DMSO 24 h",TSS_pm400,76,0.10997739555580276,0.04181444450840354,0.20375044533805473,60
nonexpressed,"H3, DMSO 24 h",TSS_pm400,77,0.11129861178497474,0.04223460326281686,0.20289650046018257,60
nonexpressed,"H3, DMSO 24 h",TSS_pm400,78,0.10309500984847547,0.040435084742183484,0.18848433515491583,60
nonexpressed,"H3, DMSO 24 h",TSS_pm400,79,0.09838763227065404,0.037861955046653746,0.18131276480853556,60
nonexpressed,"H4, DMSO 24 h",TSS_pm400,0,1.607750042428573,0.7026344499054055,2.7539709373277925,60
nonexpressed,"H4, DMSO 24 h",TSS_pm400,1,1.7321096846958002,0.782618380115678,2.9918120946710305,60
nonexpressed,"H4, DMSO 24 h",TSS_pm400,2,1.8269027926027774,0.8087311282282075,3.14188175468271,60
nonexpressed,"H4, DMSO 24 h",TSS_pm400,3,1.8964234542349974,0.8261820949465036,3.3026401937690872,60
nonexpressed,"H4, DMSO 24 h",TSS_pm400,4,1.9704418613016605,0.8592553280691306,3.44882350502039,60
nonexpressed,"H4, DMSO 24 h",TSS_pm400,5,1.9863538831969099,0.886757124910752,3.3732380489408964,60
nonexpressed,"H4, DMSO 24 h",TSS_pm400,6,1.988156670133273,0.9345037871648869,3.2827174544533086,60
nonexpressed,"H4, DMSO 24 h",TSS_pm400,7,2.020401631494363,0.9812210256010295,3.2839980342661343,60
nonexpressed,"H4, DMSO 24 h",TSS_pm400,8,1.9682269179821013,0.9655806954006354,3.2217318767408525,60
nonexpressed,"H4, DMSO 24 h",TSS_pm400,9,2.0530797145764037,1.0446616971443097,3.268778627112508,60
nonexpressed,"H4, DMSO 24 h",TSS_pm400,10,2.213288277387619,1.1539739337563517,3.440635072966416,60
nonexpressed,"H4, DMSO 24 h",TSS_pm400,11,2.331181975205739,1.2405061951180298,3.5792331845661,60
nonexpressed,"H4, DMSO 24 h",TSS_pm400,12,2.546984994014104,1.3105557973484196,3.993923864583174,60
nonexpressed,"H4, DMSO 24 h",TSS_pm400,13,2.66054542084535,1.3458716275195282,4.2247081792006895,60
nonexpressed,"H4, DMSO 24 h",TSS_pm400,14,2.6890251227219903,1.352756551186244,4.252298126121362,60
nonexpressed,"H4, DMSO 24 h",TSS_pm400,15,2.73495846192042,1.332536293288072,4.349433010240395,60
nonexpressed,"H4, DMSO 24 h",TSS_pm400,16,2.7566028491655983,1.3081423118611175,4.432408597171305,60
nonexpressed,"H4, DMSO 24 h",TSS_pm400,17,2.8504749121268587,1.3171783829132717,4.683247484222053,60
nonexpressed,"H4, DMSO 24 h",TSS_pm400,18,2.9341536192950746,1.346775082235535,4.746104540204717,60
nonexpressed,"H4, DMSO 24 h",TSS_pm400,19,3.131681706309318,1.426690751006206,5.076389980157216,60
nonexpressed,"H4, DMSO 24 h",TSS_pm400,20,3.4146539479494096,1.6820554076830545,5.453435456767677,60
nonexpressed,"H4, DMSO 24 h",TSS_pm400,21,3.693453567624092,1.8338058924724656,5.82175919689238,60
nonexpressed,"H4, DMSO 24 h",TSS_pm400,22,3.7855214065313345,1.8776935743292174,5.902927604049444,60
nonexpressed,"H4, DMSO 24 h",TSS_pm400,23,3.8205894573529564,1.9437449861615896,5.942444012776015,60
nonexpressed,"H4, DMSO 24 h",TSS_pm400,24,4.02393469740947,2.072113507077098,6.255213249002893,60
nonexpressed,"H4, DMSO 24 h",TSS_pm400,25,4.14709770043691,2.0949318543275197,6.509585198909044,60
nonexpressed,"H4, DMSO 24 h",TSS_pm400,26,4.386234515508016,2.143458015397191,6.980684185559552,60
nonexpressed,"H4, DMSO 24 h",TSS_pm400,27,4.532973735332489,2.222817094932,7.140583787153165,60
nonexpressed,"H4, DMSO 24 h",TSS_pm400,28,4.513990342020989,2.11887834751606,7.189401816998917,60
nonexpressed,"H4, DMSO 24 h",TSS_pm400,29,4.720744447708129,2.2865001861254375,7.567681259175142,60
nonexpressed,"H4, DMSO 24 h",TSS_pm400,30,4.812248765230179,2.308785762717327,7.827523636609315,60
nonexpressed,"H4, DMSO 24 h",TSS_pm400,31,4.814524250030518,2.3089476809700327,7.851510486841201,60
nonexpressed,"H4, DMSO 24 h",TSS_pm400,32,4.8062505668401725,2.3298898913462955,7.769654366950193,60
nonexpressed,"H4, DMSO 24 h",TSS_pm400,33,4.868428797501105,2.3680056152277524,7.95138528612256,60
nonexpressed,"H4, DMSO 24 h",TSS_pm400,34,4.758115770419439,2.2874361073772116,7.966654655983049,60
nonexpressed,"H4, DMSO 24 h",TSS_pm400,35,4.561697317361831,2.1920634876489635,7.647289115697146,60
nonexpressed,"H4, DMSO 24 h",TSS_pm400,36,4.365236094991366,2.096471028337876,7.216334391017756,60
nonexpressed,"H4, DMSO 24 h",TSS_pm400,37,4.0904447060823435,1.9776082674215238,6.692175970226526,60
nonexpressed,"H4, DMSO 24 h",TSS_pm400,38,3.9517641170819595,1.88558118262887,6.527499089419841,60
nonexpressed,"H4, DMSO 24 h",TSS_pm400,39,3.66849816819032,1.7694334220339856,5.998604796295364,60
nonexpressed,"H4, DMSO 24 h",TSS_pm400,40,3.266687115430832,1.5057440301974614,5.319510769064227,60
nonexpressed,"H4, DMSO 24 h",TSS_pm400,41,3.192110722916467,1.453387639448047,5.25617806932543,60
nonexpressed,"H4, DMSO 24 h",TSS_pm400,42,3.067278146743775,1.3430116652548314,4.964207436631122,60
nonexpressed,"H4, DMSO 24 h",TSS_pm400,43,2.994677901069323,1.313114312082529,4.863751497174302,60
nonexpressed,"H4, DMSO 24 h",TSS_pm400,44,2.974949128627777,1.3475502467950184,4.815808561310173,60
nonexpressed,"H4, DMSO 24 h",TSS_pm400,45,2.912743000388146,1.2706673043568928,4.751880348280071,60
nonexpressed,"H4, DMSO 24 h",TSS_pm400,46,2.8112203556299207,1.2208954128573335,4.606502178629239,60
nonexpressed,"H4, DMSO 24 h",TSS_pm400,47,2.7488067775964735,1.2207668769210578,4.505492553040385,60
nonexpressed,"H4, DMSO 24 h",TSS_pm400,48,2.544901945590973,1.15624844789505,4.124040747572978,60
nonexpressed,"H4, DMSO 24 h",TSS_pm400,49,2.393451821406683,1.1297853353222211,3.850646043727794,60
nonexpressed,"H4, DMSO 24 h",TSS_pm400,50,2.227830583254496,1.0717719359099867,3.5726167021989825,60
nonexpressed,"H4, DMSO 24 h",TSS_pm400,51,2.049062816997369,0.9959871855974198,3.2250461841101448,60
nonexpressed,"H4, DMSO 24 h",TSS_pm400,52,1.8908643847703932,0.9192102281500896,2.95776559998095,60
nonexpressed,"H4, DMSO 24 h",TSS_pm400,53,1.7660626882314683,0.882563324595491,2.7118935035119445,60
nonexpressed,"H4, DMSO 24 h",TSS_pm400,54,1.666451532791058,0.8357154344953597,2.53398432506,60
nonexpressed,"H4, DMSO 24 h",TSS_pm400,55,1.5712040340403715,0.800069466042022,2.3734588471179205,60
nonexpressed,"H4, DMSO 24 h",TSS_pm400,56,1.417940662453572,0.7204410265286764,2.1571659034838278,60
nonexpressed,"H4, DMSO 24 h",TSS_pm400,57,1.2946846631666025,0.6739469034535188,1.966725745613376,60
nonexpressed,"H4, DMSO 24 h",TSS_pm400,58,1.171881801436345,0.6117007202729582,1.7884515786853927,60
nonexpressed,"H4, DMSO 24 h",TSS_pm400,59,1.1083594005803266,0.5833367368914187,1.6871576721097032,60
nonexpressed,"H4, DMSO 24 h",TSS_pm400,60,1.0804523036380609,0.5741744026206435,1.6537841724194584,60
nonexpressed,"H4, DMSO 24 h",TSS_pm400,61,1.0271962169806164,0.5485143798788388,1.5377883679370081,60
nonexpressed,"H4, DMSO 24 h",TSS_pm400,62,0.9922997534275055,0.5244594390789667,1.4777350770731765,60
nonexpressed,"H4, DMSO 24 h",TSS_pm400,63,0.8953772742975326,0.4656706441584087,1.3537538081861678,60
nonexpressed,"H4, DMSO 24 h",TSS_pm400,64,0.769637804031372,0.38388971673945593,1.1985029753744598,60
nonexpressed,"H4, DMSO 24 h",TSS_pm400,65,0.7399817687273026,0.3715342349012693,1.1453787038773298,60
nonexpressed,"H4, DMSO 24 h",TSS_pm400,66,0.72725739300251,0.37824928038318956,1.1371863569319247,60
nonexpressed,"H4, DMSO 24 h",TSS_pm400,67,0.7363789546489715,0.38171872950096924,1.1397518830001354,60
nonexpressed,"H4, DMSO 24 h",TSS_pm400,68,0.6955614675084749,0.355404764768978,1.0672805936286844,60
nonexpressed,"H4, DMSO 24 h",TSS_pm400,69,0.6532559346159299,0.3425095129186908,1.001340731052061,60
nonexpressed,"H4, DMSO 24 h",TSS_pm400,70,0.6364694156249365,0.332125369583567,0.9529447321742772,60
nonexpressed,"H4, DMSO 24 h",TSS_pm400,71,0.6097020155191422,0.31788928258915744,0.917001763438185,60
nonexpressed,"H4, DMSO 24 h",TSS_pm400,72,0.6099973016977309,0.32128723586102326,0.9235380609383186,60
nonexpressed,"H4, DMSO 24 h",TSS_pm400,73,0.6198488744099936,0.33488999410470327,0.9269027725656823,60
nonexpressed,"H4, DMSO 24 h",TSS_pm400,74,0.6235240381956101,0.3238609600464503,0.9384816918174426,60
nonexpressed,"H4, DMSO 24 h",TSS_pm400,75,0.5984630261858305,0.3014643047228455,0.9032196100677049,60
nonexpressed,"H4, DMSO 24 h",TSS_pm400,76,0.6060112544894218,0.3058818290879329,0.9210703156664967,60
nonexpressed,"H4, DMSO 24 h",TSS_pm400,77,0.6050583626826604,0.3128726743062338,0.9217671465973057,60
nonexpressed,"H4, DMSO 24 h",TSS_pm400,78,0.6694234305620195,0.3565272053529819,1.010535321995616,60
nonexpressed,"H4, DMSO 24 h",TSS_pm400,79,0.6006155832608542,0.3048202547530333,0.9347103799084823,60
nonexpressed,"H4, GSK591 24 h",TSS_pm400,0,1.025669773419698,0.46915530701975033,1.7806598008126018,60
nonexpressed,"H4, GSK591 24 h",TSS_pm400,1,1.0303591709335644,0.46504549308866266,1.7967831935038165,60
nonexpressed,"H4, GSK591 24 h",TSS_pm400,2,1.107215133210023,0.5252673880110184,1.8924704580679532,60
nonexpressed,"H4, GSK591 24 h",TSS_pm400,3,1.2067115072409311,0.5811748417019843,2.0283004595885674,60
nonexpressed,"H4, GSK591 24 h",TSS_pm400,4,1.3517875842253368,0.6466791135643919,2.256149291773637,60
nonexpressed,"H4, GSK591 24 h",TSS_pm400,5,1.4297860234975814,0.7125823095291853,2.3466925858135026,60
nonexpressed,"H4, GSK591 24 h",TSS_pm400,6,1.5237341912587483,0.7909100970303019,2.473914602306982,60
nonexpressed,"H4, GSK591 24 h",TSS_pm400,7,1.6375547252098719,0.8383863933732111,2.6166704035600024,60
nonexpressed,"H4, GSK591 24 h",TSS_pm400,8,1.7063852336009346,0.8812615649849178,2.7181716748053826,60
nonexpressed,"H4, GSK591 24 h",TSS_pm400,9,1.7405721351752679,0.8990835710639754,2.758171630857512,60
nonexpressed,"H4, GSK591 24 h",TSS_pm400,10,1.86573281009992,0.9485290372098486,2.9886411787047975,60
nonexpressed,"H4, GSK591 24 h",TSS_pm400,11,1.9246364223957064,0.988033012236158,3.0733234615648786,60
nonexpressed,"H4, GSK591 24 h",TSS_pm400,12,1.9722516399621959,0.9704409685259063,3.176760820716619,60
nonexpressed,"H4, GSK591 24 h",TSS_pm400,13,2.0533800049622855,0.9686255109608175,3.3147079605882364,60
nonexpressed,"H4, GSK591 24 h",TSS_pm400,14,2.0702120570341744,0.9573555057620008,3.3508789318650947,60
nonexpressed,"H4, GSK591 24 h",TSS_pm400,15,2.2113553061087927,1.0203659275472163,3.5921865850562833,60
nonexpressed,"H4, GSK591 24 h",TSS_pm400,16,2.3610941713054974,1.1111062361548345,3.8585221769536533,60
nonexpressed,"H4, GSK591 24 h",TSS_pm400,17,2.5081383576989174,1.1749197680701813,4.154262090620895,60
nonexpressed,"H4, GSK591 24 h",TSS_pm400,18,2.6284269735217096,1.2424339276303848,4.3216564853017525,60
nonexpressed,"H4, GSK591 24 h",TSS_pm400,19,2.7961113187670716,1.3037271205907066,4.549227180063724,60
nonexpressed,"H4, GSK591 24 h",TSS_pm400,20,2.9870596517125767,1.4205759149019919,4.819058346835275,60
nonexpressed,"H4, GSK591 24 h",TSS_pm400,21,3.2197376959522566,1.4994849254364766,5.233059101648628,60
nonexpressed,"H4, GSK591 24 h",TSS_pm400,22,3.2968628751238187,1.555824313769738,5.334313657045364,60
nonexpressed,"H4, GSK591 24 h",TSS_pm400,23,3.473914718925953,1.664978822407623,5.516241671137509,60
nonexpressed,"H4, GSK591 24 h",TSS_pm400,24,3.6193387547135356,1.7679159546022616,5.736153689992924,60
nonexpressed,"H4, GSK591 24 h",TSS_pm400,25,3.851552455723285,1.8949044929146766,6.088525094379982,60
nonexpressed,"H4, GSK591 24 h",TSS_pm400,26,4.052847958703836,2.0054673120876156,6.46116976690044,60
nonexpressed,"H4, GSK591 24 h",TSS_pm400,27,4.142989159226417,2.0475873521293204,6.633189488422123,60
nonexpressed,"H4, GSK591 24 h",TSS_pm400,28,4.240280661483606,2.0799608633617557,6.801662303527195,60
nonexpressed,"H4, GSK591 24 h",TSS_pm400,29,4.466226854026318,2.235624204568565,7.176437618342539,60
nonexpressed,"H4, GSK591 24 h",TSS_pm400,30,4.582325877447923,2.275828954820832,7.4344539013455275,60
nonexpressed,"H4, GSK591 24 h",TSS_pm400,31,4.5569830447435375,2.242678310036659,7.408085077434778,60
nonexpressed,"H4, GSK591 24 h",TSS_pm400,32,4.536744259297849,2.3289702559312184,7.2591582068080704,60
nonexpressed,"H4, GSK591 24 h",TSS_pm400,33,4.509905385758196,2.279388615502843,7.252047266364808,60
nonexpressed,"H4, GSK591 24 h",TSS_pm400,34,4.314816430310409,2.1108364887063704,6.981512593433261,60
nonexpressed,"H4, GSK591 24 h",TSS_pm400,35,4.155197972108921,2.0450833267817896,6.780309867560864,60
nonexpressed,"H4, GSK591 24 h",TSS_pm400,36,3.9711022289594013,1.955963749244809,6.469322601919371,60
nonexpressed,"H4, GSK591 24 h",TSS_pm400,37,3.8517351717253523,1.8780338773230711,6.27614508358389,60
nonexpressed,"H4, GSK591 24 h",TSS_pm400,38,3.749642354448637,1.818117433456083,6.10604284482201,60
nonexpressed,"H4, GSK591 24 h",TSS_pm400,39,3.5588124349713324,1.7690529804378747,5.800848194633921,60
nonexpressed,"H4, GSK591 24 h",TSS_pm400,40,3.3585294519861546,1.6434804968163372,5.533813196857771,60
nonexpressed,"H4, GSK591 24 h",TSS_pm400,41,3.075780308147272,1.5183460956215857,5.010275726668536,60
nonexpressed,"H4, GSK591 24 h",TSS_pm400,42,2.795006075799465,1.377266972715656,4.559640571616589,60
nonexpressed,"H4, GSK591 24 h",TSS_pm400,43,2.635729856391748,1.2917653622850775,4.319073597652215,60
nonexpressed,"H4, GSK591 24 h",TSS_pm400,44,2.4466677278280256,1.2347321859672666,3.9541394521445024,60
nonexpressed,"H4, GSK591 24 h",TSS_pm400,45,2.2666645511984824,1.1799356441274287,3.5854585969348745,60
nonexpressed,"H4, GSK591 24 h",TSS_pm400,46,2.1362953995664915,1.126291911629339,3.417011756877105,60
nonexpressed,"H4, GSK591 24 h",TSS_pm400,47,2.0348129776120185,1.0746908719738326,3.246950422304372,60
nonexpressed,"H4, GSK591 24 h",TSS_pm400,48,1.8604036302367846,1.0143381344104807,2.938329497417435,60
nonexpressed,"H4, GSK591 24 h",TSS_pm400,49,1.716995344310999,0.9525046338550748,2.652187275612106,60
nonexpressed,"H4, GSK591 24 h",TSS_pm400,50,1.6131907205780347,0.9007956422020992,2.519640251102547,60
nonexpressed,"H4, GSK591 24 h",TSS_pm400,51,1.504826197226842,0.8367295162826777,2.3638828049575284,60
nonexpressed,"H4, GSK591 24 h",TSS_pm400,52,1.3894447708129882,0.7714704260652265,2.1431687415565053,60
nonexpressed,"H4, GSK591 24 h",TSS_pm400,53,1.317660510316491,0.7281979855423172,2.0424239434432234,60
nonexpressed,"H4, GSK591 24 h",TSS_pm400,54,1.2107281532138585,0.6524874413715055,1.8998874644904087,60
nonexpressed,"H4, GSK591 24 h",TSS_pm400,55,1.063603520865242,0.5465052828434853,1.67907842352738,60
nonexpressed,"H4, GSK591 24 h",TSS_pm400,56,0.9777592984586952,0.4859180343219389,1.547766587167978,60
nonexpressed,"H4, GSK591 24 h",TSS_pm400,57,0.9167132533341645,0.47912078351527454,1.4318149872627104,60
nonexpressed,"H4, GSK591 24 h",TSS_pm400,58,0.8558562008291482,0.45517387170034146,1.3271137922729057,60
nonexpressed,"H4, GSK591 24 h",TSS_pm400,59,0.8064237988740205,0.4287812392047296,1.2476468452972669,60
nonexpressed,"H4, GSK591 24 h",TSS_pm400,60,0.7795549647013347,0.4057592514455318,1.2105023223633566,60
nonexpressed,"H4, GSK591 24 h",TSS_pm400,61,0.7264365504185358,0.3655900793721279,1.1394944745153186,60
nonexpressed,"H4, GSK591 24 h",TSS_pm400,62,0.7062108754283851,0.3604922470168935,1.1146490933700564,60
nonexpressed,"H4, GSK591 24 h",TSS_pm400,63,0.6455229737857978,0.311636806021134,1.028843236640096,60
nonexpressed,"H4, GSK591 24 h",TSS_pm400,64,0.5959006898105145,0.281681793111066,0.9803607580649354,60
nonexpressed,"H4, GSK591 24 h",TSS_pm400,65,0.5749809043357771,0.2736038751384864,0.9553095387568077,60
nonexpressed,"H4, GSK591 24 h",TSS_pm400,66,0.5344305207331975,0.24393954299887025,0.9012623527646063,60
nonexpressed,"H4, GSK591 24 h",TSS_pm400,67,0.47507009997963906,0.2044486268249651,0.8227864872242016,60
nonexpressed,"H4, GSK591 24 h",TSS_pm400,68,0.4307219373186429,0.1795197875301043,0.7492056120956937,60
nonexpressed,"H4, GSK591 24 h",TSS_pm400,69,0.4511260532339414,0.17704636546224353,0.8147392008453608,60
nonexpressed,"H4, GSK591 24 h",TSS_pm400,70,0.46699415395657223,0.18977226105084022,0.8293869218652444,60
nonexpressed,"H4, GSK591 24 h",TSS_pm400,71,0.45112965186436965,0.18393515234937272,0.8043212924053271,60
nonexpressed,"H4, GSK591 24 h",TSS_pm400,72,0.45307056307792665,0.19970955388247968,0.7874626766840617,60
nonexpressed,"H4, GSK591 24 h",TSS_pm400,73,0.44139792996148264,0.20048938643808167,0.7590343257704129,60
nonexpressed,"H4, GSK591 24 h",TSS_pm400,74,0.44991594910621646,0.20953339910755553,0.7589171865830819,60
nonexpressed,"H4, GSK591 24 h",TSS_pm400,75,0.474443870484829,0.21634521408627427,0.8083910789390404,60
nonexpressed,"H4, GSK591 24 h",TSS_pm400,76,0.49240143885215126,0.23813374400387208,0.8210211107159653,60
nonexpressed,"H4, GSK591 24 h",TSS_pm400,77,0.47414900342623395,0.23386186059067648,0.78599364844958,60
nonexpressed,"H4, GSK591 24 h",TSS_pm400,78,0.46784217874209083,0.23333997696638106,0.7758755238950251,60
nonexpressed,"H4, GSK591 24 h",TSS_pm400,79,0.48455535282691314,0.2510522788017988,0.7856712573145828,60
nonexpressed,HINFP (U2OS),TSS_pm400,0,0.08309519899388154,0.055396799370646475,0.11598704854957759,60
nonexpressed,HINFP (U2OS),TSS_pm400,1,0.08222962417950233,0.053661321522357565,0.11479688312578944,60
nonexpressed,HINFP (U2OS),TSS_pm400,2,0.08205650916943948,0.05608493152974795,0.11358075051195919,60
nonexpressed,HINFP (U2OS),TSS_pm400,3,0.08067158916344246,0.05573437349498272,0.11201405974477528,60
nonexpressed,HINFP (U2OS),TSS_pm400,4,0.07651682924479246,0.053830108520885316,0.10509378755589326,60
nonexpressed,HINFP (U2OS),TSS_pm400,5,0.07461256423344215,0.052107614536459256,0.10231096410813431,60
nonexpressed,HINFP (U2OS),TSS_pm400,6,0.07824797918399175,0.05643548935341339,0.10491634470783173,60
nonexpressed,HINFP (U2OS),TSS_pm400,7,0.07495879419147969,0.05296020607153575,0.10248840707354248,60
nonexpressed,HINFP (U2OS),TSS_pm400,8,0.07720928912361463,0.054704339426631735,0.10423254067388672,60
nonexpressed,HINFP (U2OS),TSS_pm400,9,0.07651682915786902,0.054526896395410106,0.10388198265867928,60
nonexpressed,HINFP (U2OS),TSS_pm400,10,0.0827489693959554,0.05816663977007071,0.11322586508716144,60
nonexpressed,HINFP (U2OS),TSS_pm400,11,0.08292208423217137,0.0585128694276015,0.11391399703361094,60
nonexpressed,HINFP (U2OS),TSS_pm400,12,0.07963289923965931,0.05676440773842235,0.10837864483955005,60
nonexpressed,HINFP (U2OS),TSS_pm400,13,0.07547813938309748,0.053315091602814696,0.10231961985273906,60
nonexpressed,HINFP (U2OS),TSS_pm400,14,0.07703617432465155,0.054358109260598815,0.10283896545631188,60
nonexpressed,HINFP (U2OS),TSS_pm400,15,0.08084470435976981,0.05833975441443424,0.10751739852627117,60
nonexpressed,HINFP (U2OS),TSS_pm400,16,0.0839607742925485,0.060590249545251336,0.11166783025860785,60
nonexpressed,HINFP (U2OS),TSS_pm400,17,0.08153716411441565,0.05608925937271366,0.10821418521987894,60
nonexpressed,HINFP (U2OS),TSS_pm400,18,0.08430700428783892,0.05885477157464871,0.11287530728057026,60
nonexpressed,HINFP (U2OS),TSS_pm400,19,0.08586503932873409,0.05988047792762518,0.11530324503841498,60
nonexpressed,HINFP (U2OS),TSS_pm400,20,0.08482634934286276,0.05712794971652329,0.11425589882147809,60
nonexpressed,HINFP (U2OS),TSS_pm400,21,0.08396077462782463,0.05695050674087058,0.11391399747723092,60
nonexpressed,HINFP (U2OS),TSS_pm400,22,0.07894043969611327,0.05434945390932262,0.10733129978490372,60
nonexpressed,HINFP (U2OS),TSS_pm400,23,0.07997912958264351,0.05538814362697303,0.10630126546695828,60
nonexpressed,HINFP (U2OS),TSS_pm400,24,0.08205650960405668,0.056084931664168836,0.10977222078293561,60
nonexpressed,HINFP (U2OS),TSS_pm400,25,0.08188339446981747,0.055388143859803673,0.11062048408823708,60
nonexpressed,HINFP (U2OS),TSS_pm400,26,0.08603815438846746,0.06059024929689864,0.11305274993615845,60
nonexpressed,HINFP (U2OS),TSS_pm400,27,0.08621126954754194,0.05850421381058792,0.11564081951975823,60
nonexpressed,HINFP (U2OS),TSS_pm400,28,0.08742307455589374,0.05885909969297549,0.11771819939526419,60
nonexpressed,HINFP (U2OS),TSS_pm400,29,0.08482634944220384,0.05643548978026957,0.11529458920533457,60
nonexpressed,HINFP (U2OS),TSS_pm400,30,0.07720928937196732,0.05228072938571373,0.10353142467327416,60
nonexpressed,HINFP (U2OS),TSS_pm400,31,0.07305452935397624,0.04847219946483771,0.09937666532583533,60
nonexpressed,HINFP (U2OS),TSS_pm400,32,0.07565125421931347,0.04985279144688199,0.10300342397453884,60
nonexpressed,HINFP (U2OS),TSS_pm400,33,0.07322764437645674,0.046741049485281114,0.10040669937928517,60
nonexpressed,HINFP (U2OS),TSS_pm400,34,0.07270829940835635,0.046394819639002285,0.10040669940474133,60
nonexpressed,HINFP (U2OS),TSS_pm400,35,0.0730545295899113,0.04622170461962621,0.09919922228716314,60
nonexpressed,HINFP (U2OS),TSS_pm400,36,0.08101781946917376,0.05193017167349656,0.10958179400240381,60
nonexpressed,HINFP (U2OS),TSS_pm400,37,0.08222962456444899,0.05193449979027112,0.11254638883285223,60
nonexpressed,HINFP (U2OS),TSS_pm400,38,0.07859420957664648,0.048467871711278955,0.11062048441668353,60
nonexpressed,HINFP (U2OS),TSS_pm400,39,0.07738240458071231,0.04691416462262472,0.10837431735731659,60
nonexpressed,HINFP (U2OS),TSS_pm400,40,0.08240273987253507,0.05018603795394302,0.11529458992493649,60
nonexpressed,HINFP (U2OS),TSS_pm400,41,0.08482634977747996,0.05193449966609478,0.11860541443340479,60
nonexpressed,HINFP (U2OS),TSS_pm400,42,0.08794241964817047,0.05538814362635215,0.12222784540429711,60
nonexpressed,HINFP (U2OS),TSS_pm400,43,0.08915422445784013,0.05539247173815966,0.1248245701007545,60
nonexpressed,HINFP (U2OS),TSS_pm400,44,0.09244340937584639,0.05902788632952918,0.12793631272918235,60
nonexpressed,HINFP (U2OS),TSS_pm400,45,0.09261652424931525,0.05937411679017047,0.1277631971165538,60
nonexpressed,HINFP (U2OS),TSS_pm400,46,0.0922702939560016,0.05885909931734204,0.12776319689738252,60
nonexpressed,HINFP (U2OS),TSS_pm400,47,0.08724995916088422,0.05574302958076199,0.12118915494531392,60
nonexpressed,HINFP (U2OS),TSS_pm400,48,0.09313586893181006,0.06214828445451955,0.12585893149798114,60
nonexpressed,HINFP (U2OS),TSS_pm400,49,0.09278963898619016,0.06318264628077547,0.12222351621836423,60
nonexpressed,HINFP (U2OS),TSS_pm400,50,0.09001979923496645,0.05833975478603194,0.12067413744920243,60
nonexpressed,HINFP (U2OS),TSS_pm400,51,0.09469390412171681,0.061282709365089734,0.12707939185202122,60
nonexpressed,HINFP (U2OS),TSS_pm400,52,0.09330898432681958,0.06075470855335395,0.12447833953859905,60
nonexpressed,HINFP (U2OS),TSS_pm400,53,0.09469390430798133,0.06162461174993465,0.1262008337788284,60
nonexpressed,HINFP (U2OS),TSS_pm400,54,0.09867554903030396,0.06747157034464181,0.1298362478769074,60
nonexpressed,HINFP (U2OS),TSS_pm400,55,0.0938283292700847,0.06473635381087661,0.12256974695374569,60
nonexpressed,HINFP (U2OS),TSS_pm400,56,0.09019291436920564,0.06490946868527682,0.11443766988099861,60
nonexpressed,HINFP (U2OS),TSS_pm400,57,0.0843070043126742,0.06056861004792154,0.10802808707331617,60
nonexpressed,HINFP (U2OS),TSS_pm400,58,0.08569192443042994,0.060585921651683756,0.11149471469968557,60
nonexpressed,HINFP (U2OS),TSS_pm400,59,0.08690372935185829,0.06265897367615253,0.11271084799927969,60
nonexpressed,HINFP (U2OS),TSS_pm400,60,0.08101781945675611,0.05678171965604027,0.10594637942966073,60
nonexpressed,HINFP (U2OS),TSS_pm400,61,0.07859420941521723,0.055396799492960176,0.10249273511612166,60
nonexpressed,HINFP (U2OS),TSS_pm400,62,0.08222962419191997,0.05885909931734204,0.10735293840368587,60
nonexpressed,HINFP (U2OS),TSS_pm400,63,0.08119093414396049,0.05833975445168715,0.10715818342131872,60
nonexpressed,HINFP (U2OS),TSS_pm400,64,0.08032535903155803,0.05781175334875782,0.10510244331477829,60
nonexpressed,HINFP (U2OS),TSS_pm400,65,0.07911355430881181,0.05539679949171841,0.10334965410331884,60
nonexpressed,HINFP (U2OS),TSS_pm400,66,0.08136404948929946,0.05677306360503038,0.10595070747844876,60
nonexpressed,HINFP (U2OS),TSS_pm400,67,0.07997912944604953,0.05383876455233743,0.10595070778826873,60
nonexpressed,HINFP (U2OS),TSS_pm400,68,0.0740932193150123,0.05020334956236184,0.09954112411662937,60
nonexpressed,HINFP (U2OS),TSS_pm400,69,0.07807486418634653,0.05228072941303253,0.10370886758683869,60
nonexpressed,HINFP (U2OS),TSS_pm400,70,0.07322764416535696,0.0484678714685142,0.09923817280059057,60
nonexpressed,HINFP (U2OS),TSS_pm400,71,0.07738240407158932,0.0522720734210064,0.10387765469091634,60
nonexpressed,HINFP (U2OS),TSS_pm400,72,0.07720928917328516,0.05158826932311058,0.10630559246366221,60
nonexpressed,HINFP (U2OS),TSS_pm400,73,0.07772863417863846,0.051761384780208274,0.10719280655061202,60
nonexpressed,HINFP (U2OS),TSS_pm400,74,0.07911355398595334,0.051410826425688956,0.1094173345612362,60
nonexpressed,HINFP (U2OS),TSS_pm400,75,0.07772863410413265,0.050030234480897585,0.10820552961776653,60
nonexpressed,HINFP (U2OS),TSS_pm400,76,0.07807486417392889,0.050891481580212714,0.10770782414358107,60
nonexpressed,HINFP (U2OS),TSS_pm400,77,0.07928666916986306,0.05366564927001794,0.10803241489827631,60
nonexpressed,HINFP (U2OS),TSS_pm400,78,0.07617059913774331,0.05158826957022151,0.10457877048912145,60
nonexpressed,HINFP (U2OS),TSS_pm400,79,0.07790174932529528,0.05244086078895877,0.10855608803623665,60
nonexpressed,NPAT (U2OS),TSS_pm400,0,0.1986105776205659,0.11217838272048782,0.31988363018662974,60
nonexpressed,NPAT (U2OS),TSS_pm400,1,0.2009543009723226,0.11249937999962518,0.3236640998075405,60
nonexpressed,NPAT (U2OS),TSS_pm400,2,0.19708198760946594,0.10872379928113272,0.31895874199302243,60
nonexpressed,NPAT (U2OS),TSS_pm400,3,0.1973877866131564,0.1097173901993471,0.31478347945616897,60
nonexpressed,NPAT (U2OS),TSS_pm400,4,0.20452101712425552,0.11596153450959051,0.3231675695447872,60
nonexpressed,NPAT (U2OS),TSS_pm400,5,0.20910667990023893,0.11665453587938102,0.3342545945143017,60
nonexpressed,NPAT (U2OS),TSS_pm400,6,0.21114474780236683,0.1186110706088754,0.3318039137707092,60
nonexpressed,NPAT (U2OS),TSS_pm400,7,0.21155242101599772,0.12095485705230385,0.32826027659202617,60
nonexpressed,NPAT (U2OS),TSS_pm400,8,0.21552666933586198,0.12308973020128905,0.3364024096241531,60
nonexpressed,NPAT (U2OS),TSS_pm400,9,0.21624005060642956,0.12451897792735449,0.336858661949324,60
nonexpressed,NPAT (U2OS),TSS_pm400,10,0.217972440905869,0.1232960382901753,0.34039207248048237,60
nonexpressed,NPAT (U2OS),TSS_pm400,11,0.22367893664787214,0.12747919696414223,0.3474028750568008,60
nonexpressed,NPAT (U2OS),TSS_pm400,12,0.22938555517544348,0.13062291835031165,0.3549412025446073,60
nonexpressed,NPAT (U2OS),TSS_pm400,13,0.22215040324876706,0.12472268990101293,0.34566292323404924,60
nonexpressed,NPAT (U2OS),TSS_pm400,14,0.21909340027719734,0.1249214351484552,0.3374777999386812,60
nonexpressed,NPAT (U2OS),TSS_pm400,15,0.21297901234899957,0.12187455101497471,0.3290474866470322,60
nonexpressed,NPAT (U2OS),TSS_pm400,16,0.2064571548998356,0.1170876005187941,0.31999071734119205,60
nonexpressed,NPAT (U2OS),TSS_pm400,17,0.20666098579764366,0.1178900767362987,0.32069888748663167,60
nonexpressed,NPAT (U2OS),TSS_pm400,18,0.2010563889021675,0.11442285433256379,0.31408300179087867,60
nonexpressed,NPAT (U2OS),TSS_pm400,19,0.19494214812914532,0.11340630762542908,0.299961773896745,60
nonexpressed,NPAT (U2OS),TSS_pm400,20,0.19229257146517437,0.11239744863752275,0.29565102405706417,60
nonexpressed,NPAT (U2OS),TSS_pm400,21,0.1969802231652041,0.11309301002742722,0.29717222750916455,60
nonexpressed,NPAT (U2OS),TSS_pm400,22,0.20156580523277326,0.11596412672956166,0.3021907267423036,60
nonexpressed,NPAT (U2OS),TSS_pm400,23,0.20686483471964795,0.12033577489014717,0.31066918929448967,60
nonexpressed,NPAT (U2OS),TSS_pm400,24,0.20808763779078923,0.11983133428823202,0.3138434055793719,60
nonexpressed,NPAT (U2OS),TSS_pm400,25,0.2059477656520903,0.1167767307277148,0.31367547822666036,60
nonexpressed,NPAT (U2OS),TSS_pm400,26,0.20380776715775328,0.11574243566036845,0.3122613953516507,60
nonexpressed,NPAT (U2OS),TSS_pm400,27,0.20615147586291033,0.11596409995869424,0.3148293421757407,60
nonexpressed,NPAT (U2OS),TSS_pm400,28,0.20115826901048423,0.10901427811725688,0.31438367998413747,60
nonexpressed,NPAT (U2OS),TSS_pm400,29,0.20136211490879458,0.10546290434555462,0.3208367724455892,60
nonexpressed,NPAT (U2OS),TSS_pm400,30,0.21104286029934885,0.1097198598763595,0.3404098767119771,60
nonexpressed,NPAT (U2OS),TSS_pm400,31,0.20982019674032928,0.10800542998469122,0.3398674193903183,60
nonexpressed,NPAT (U2OS),TSS_pm400,32,0.2081896867106358,0.1087289555342868,0.33438984675534683,60
nonexpressed,NPAT (U2OS),TSS_pm400,33,0.21807419410596293,0.11592333200294526,0.34586407465270413,60
nonexpressed,NPAT (U2OS),TSS_pm400,34,0.22857035050789512,0.11758948895304153,0.3664512688387185,60
nonexpressed,NPAT (U2OS),TSS_pm400,35,0.23427696527913214,0.12074849530744056,0.3751258237489189,60
nonexpressed,NPAT (U2OS),TSS_pm400,36,0.24405978521953023,0.12316880663779253,0.3975549608146151,60
nonexpressed,NPAT (U2OS),TSS_pm400,37,0.24833967879414556,0.12289114202714216,0.40787008580844847,60
nonexpressed,NPAT (U2OS),TSS_pm400,38,0.2616891544684768,0.12816966376639902,0.4321997847917179,60
nonexpressed,NPAT (U2OS),TSS_pm400,39,0.27269463608662287,0.13257691664714366,0.4498774524290734,60
nonexpressed,NPAT (U2OS),TSS_pm400,40,0.27911461343367894,0.13701481048219527,0.4591963897825529,60
nonexpressed,NPAT (U2OS),TSS_pm400,41,0.2879801595086853,0.13741989194601775,0.4760053459648041,60
nonexpressed,NPAT (U2OS),TSS_pm400,42,0.29898589869961145,0.1452436898999537,0.5002409532233141,60
nonexpressed,NPAT (U2OS),TSS_pm400,43,0.3074439877457917,0.14541175497556105,0.5182296373122371,60
nonexpressed,NPAT (U2OS),TSS_pm400,44,0.31590184614062317,0.1491286440535138,0.5358102727920439,60
nonexpressed,NPAT (U2OS),TSS_pm400,45,0.321914181386431,0.15018589924834666,0.5426784966900011,60
nonexpressed,NPAT (U2OS),TSS_pm400,46,0.3334293474194904,0.15661341787766045,0.5631157149459854,60
nonexpressed,NPAT (U2OS),TSS_pm400,47,0.3386265617546936,0.16008069747996825,0.5668936287805749,60
nonexpressed,NPAT (U2OS),TSS_pm400,48,0.34331403621161977,0.16260542885602144,0.5776188669811623,60
nonexpressed,NPAT (U2OS),TSS_pm400,49,0.3505492041197916,0.17007243619424606,0.5819830714710988,60
nonexpressed,NPAT (U2OS),TSS_pm400,50,0.3509568823253116,0.17301750523876397,0.5779553143174075,60
nonexpressed,NPAT (U2OS),TSS_pm400,51,0.35391198081274833,0.1744899253610832,0.5815805428737463,60
nonexpressed,NPAT (U2OS),TSS_pm400,52,0.35982239901398627,0.17659687131938215,0.5926753433255166,60
nonexpressed,NPAT (U2OS),TSS_pm400,53,0.3509567246586084,0.17008770973794163,0.5800492382741843,60
nonexpressed,NPAT (U2OS),TSS_pm400,54,0.34749214416369795,0.16730830732701965,0.5719226440185059,60
nonexpressed,NPAT (U2OS),TSS_pm400,55,0.35024349375938374,0.16690316736667107,0.5763783546728082,60
nonexpressed,NPAT (U2OS),TSS_pm400,56,0.3463710595294833,0.16827887259920438,0.5624147803466767,60
nonexpressed,NPAT (U2OS),TSS_pm400,57,0.3410722274829944,0.16698735537348933,0.5501814438560977,60
nonexpressed,NPAT (U2OS),TSS_pm400,58,0.3279266602670153,0.16009095951076602,0.5286772791215528,60
nonexpressed,NPAT (U2OS),TSS_pm400,59,0.319264775911967,0.1576172587371742,0.5196689928546548,60
nonexpressed,NPAT (U2OS),TSS_pm400,60,0.31559626931324597,0.16160936765295142,0.5126019906651539,60
nonexpressed,NPAT (U2OS),TSS_pm400,61,0.2980687014075617,0.15222905655841654,0.47633413467214747,60
nonexpressed,NPAT (U2OS),TSS_pm400,62,0.28614600679526725,0.14571228710298118,0.45759407578517364,60
nonexpressed,NPAT (U2OS),TSS_pm400,63,0.27677089806646105,0.14435191467776895,0.43849996613245457,60
nonexpressed,NPAT (U2OS),TSS_pm400,64,0.2656633282266557,0.13981211850838737,0.4154542066636494,60
nonexpressed,NPAT (U2OS),TSS_pm400,65,0.25526923019438985,0.13695627800126872,0.39586859271923697,60
nonexpressed,NPAT (U2OS),TSS_pm400,66,0.24576951090108462,0.1335801347652105,0.37874261380121516,60
nonexpressed,NPAT (U2OS),TSS_pm400,67,0.23723212566847604,0.12503092283569278,0.3720279409481833,60
nonexpressed,NPAT (U2OS),TSS_pm400,68,0.22806081340958675,0.12298771992325784,0.35280134708465394,60
nonexpressed,NPAT (U2OS),TSS_pm400,69,0.21654568668454888,0.11543416129176816,0.3405753477501372,60
nonexpressed,NPAT (U2OS),TSS_pm400,70,0.2123676843382418,0.1136967432422874,0.333969399961022,60
nonexpressed,NPAT (U2OS),TSS_pm400,71,0.20390961333488425,0.10760792779425782,0.32276522856190165,60
nonexpressed,NPAT (U2OS),TSS_pm400,72,0.19331162170817456,0.10495592120041448,0.3012277637959147,60
nonexpressed,NPAT (U2OS),TSS_pm400,73,0.19076399924233553,0.10708061384937415,0.29248929728846995,60
nonexpressed,NPAT (U2OS),TSS_pm400,74,0.18668786190450193,0.10709590264766788,0.28401364914591726,60
nonexpressed,NPAT (U2OS),TSS_pm400,75,0.1763373514433347,0.10291894528420553,0.2671693540227244,60
nonexpressed,NPAT (U2OS),TSS_pm400,76,0.16763182574883106,0.09669913767914598,0.2522577888939219,60
nonexpressed,NPAT (U2OS),TSS_pm400,77,0.16274044604351123,0.09333888348316154,0.24672441970184442,60
nonexpressed,NPAT (U2OS),TSS_pm400,78,0.16396329897145429,0.09446235882428786,0.24655123117069402,60
nonexpressed,NPAT (U2OS),TSS_pm400,79,0.1586642872542143,0.0921083629281881,0.23729320639822005,60
nonexpressed,IgG (U2OS),TSS_pm400,0,0.06684704062839349,0.04531881714550157,0.08958793663419783,60
nonexpressed,IgG (U2OS),TSS_pm400,1,0.06290594513217608,0.04242360920334856,0.08490408280864356,60
nonexpressed,IgG (U2OS),TSS_pm400,2,0.05926802732050419,0.03971411846702298,0.07884088677292068,60
nonexpressed,IgG (U2OS),TSS_pm400,3,0.061693312699596096,0.03941096282874545,0.08533988569801053,60
nonexpressed,IgG (U2OS),TSS_pm400,4,0.06336069911718369,0.04303371161470811,0.08533988597989081,60
nonexpressed,IgG (U2OS),TSS_pm400,5,0.06457333624362946,0.044261540174484255,0.08624934304505587,60
nonexpressed,IgG (U2OS),TSS_pm400,6,0.06684704832732677,0.0439583762207379,0.09066036523754398,60
nonexpressed,IgG (U2OS),TSS_pm400,7,0.07438817250231901,0.05122949326907594,0.09997215084421139,60
nonexpressed,IgG (U2OS),TSS_pm400,8,0.07366817158957323,0.05137824407033622,0.09883054029382764,60
nonexpressed,IgG (U2OS),TSS_pm400,9,0.07275869275132815,0.05002159948150317,0.09852739105001092,60
nonexpressed,IgG (U2OS),TSS_pm400,10,0.07063656280438105,0.04729315105825663,0.09641287097955743,60
nonexpressed,IgG (U2OS),TSS_pm400,11,0.07230394047995409,0.0485057842793564,0.0979400179715206,60
nonexpressed,IgG (U2OS),TSS_pm400,12,0.07291026515265306,0.049259908856824054,0.09883431795053184,60
nonexpressed,IgG (U2OS),TSS_pm400,13,0.07018182446559271,0.0454741978396972,0.09701158822824558,60
nonexpressed,IgG (U2OS),TSS_pm400,14,0.07472922928631306,0.04880136247475941,0.10247224078016977,60
nonexpressed,IgG (U2OS),TSS_pm400,15,0.07639661396543186,0.05062034203484654,0.10460576032971342,60
nonexpressed,IgG (U2OS),TSS_pm400,16,0.0748808250327905,0.0488089658220609,0.10337798160190384,60
nonexpressed,IgG (U2OS),TSS_pm400,17,0.07730611885587374,0.05151468384141723,0.10565548654273153,60
nonexpressed,IgG (U2OS),TSS_pm400,18,0.08261142452557882,0.05714588886747758,0.1088386522543927,60
nonexpressed,IgG (U2OS),TSS_pm400,19,0.08124720305204391,0.05592185066267848,0.10792537680019934,60
nonexpressed,IgG (U2OS),TSS_pm400,20,0.08261142609020074,0.056084829724083345,0.11065383485207955,60
nonexpressed,IgG (U2OS),TSS_pm400,21,0.08867464567224184,0.06274678719043732,0.11641387037932872,60
nonexpressed,IgG (U2OS),TSS_pm400,22,0.08973570920526981,0.06364112378346425,0.11792967812220255,60
nonexpressed,IgG (U2OS),TSS_pm400,23,0.0854914658764998,0.0609278198753794,0.11035827154417831,60
nonexpressed,IgG (U2OS),TSS_pm400,24,0.08776518387099105,0.06381545506914457,0.11308673060312865,60
nonexpressed,IgG (U2OS),TSS_pm400,25,0.09231260801355043,0.06866603283211588,0.11702403176079196,60
nonexpressed,IgG (U2OS),TSS_pm400,26,0.08700727296372256,0.06426637350395323,0.11051743817577758,60
nonexpressed,IgG (U2OS),TSS_pm400,27,0.08564304741720359,0.06365628831336896,0.10959657012236612,60
nonexpressed,IgG (U2OS),TSS_pm400,28,0.08230827863017719,0.060169926573832834,0.10777379993349313,60
nonexpressed,IgG (U2OS),TSS_pm400,29,0.08276302446921666,0.06002592934295535,0.10702350519225,60
nonexpressed,IgG (U2OS),TSS_pm400,30,0.08185354446371397,0.05911645115042726,0.10610643141592542,60
nonexpressed,IgG (U2OS),TSS_pm400,31,0.08185354299843312,0.05896108237964412,0.10535232556425034,60
nonexpressed,IgG (U2OS),TSS_pm400,32,0.08306618884205817,0.059707622636109584,0.10702353278050819,60
nonexpressed,IgG (U2OS),TSS_pm400,33,0.08267640392695154,0.05842349553569442,0.10693150848717917,60
nonexpressed,IgG (U2OS),TSS_pm400,34,0.08518830180168152,0.06108699503913522,0.10975197357684373,60
nonexpressed,IgG (U2OS),TSS_pm400,35,0.0857946144292752,0.060480663056174916,0.11277973556766907,60
nonexpressed,IgG (U2OS),TSS_pm400,36,0.08685567066073419,0.05957118449173868,0.11505344007164237,60
nonexpressed,IgG (U2OS),TSS_pm400,37,0.0876135521630446,0.05926420003548265,0.11763784818227091,60
nonexpressed,IgG (U2OS),TSS_pm400,38,0.08412719562649727,0.055921852139135204,0.11489800323173403,60
nonexpressed,IgG (U2OS),TSS_pm400,39,0.0838240339855353,0.055167746767401694,0.1153565250796576,60
nonexpressed,IgG (U2OS),TSS_pm400,40,0.08488510598738988,0.05608479454492529,0.11827069293707605,60
nonexpressed,IgG (U2OS),TSS_pm400,41,0.08852304674685002,0.05985537908350428,0.12217388696347674,60
nonexpressed,IgG (U2OS),TSS_pm400,42,0.08321773077050845,0.05471680787454049,0.11792963845034439,60
nonexpressed,IgG (U2OS),TSS_pm400,43,0.08367247117062408,0.054872177653014664,0.1170429504904896,60
nonexpressed,IgG (U2OS),TSS_pm400,44,0.08412720779577891,0.05623259732748071,0.11581130274633566,60
nonexpressed,IgG (U2OS),TSS_pm400,45,0.07882188675304255,0.05017318143571416,0.10899023159965873,60
nonexpressed,IgG (U2OS),TSS_pm400,46,0.08245983012020588,0.05501994817020992,0.113382248127833,60
nonexpressed,IgG (U2OS),TSS_pm400,47,0.0815503490716219,0.054569022686531146,0.11264330511602261,60
nonexpressed,IgG (U2OS),TSS_pm400,48,0.07942822948098183,0.05365193601573507,0.11097216081867614,60
nonexpressed,IgG (U2OS),TSS_pm400,49,0.07851874254643916,0.052742448777581254,0.11006265221287806,60
nonexpressed,IgG (U2OS),TSS_pm400,50,0.08155034273862839,0.05456900720794996,0.11489805728197099,60
nonexpressed,IgG (U2OS),TSS_pm400,51,0.08336930419007936,0.05622881868481636,0.11567869309211769,60
nonexpressed,IgG (U2OS),TSS_pm400,52,0.07927663753430049,0.05305322801694274,0.10853165725246071,60
nonexpressed,IgG (U2OS),TSS_pm400,53,0.08079245736201603,0.054553845457732675,0.11126773501187562,60
nonexpressed,IgG (U2OS),TSS_pm400,54,0.07776085451245308,0.053200988845899695,0.10641337490143875,60
nonexpressed,IgG (U2OS),TSS_pm400,55,0.07215237155556678,0.04880896188939612,0.09945205206423996,60
nonexpressed,IgG (U2OS),TSS_pm400,56,0.07275869637727736,0.05092349966304998,0.0991374704428017,60
nonexpressed,IgG (U2OS),TSS_pm400,57,0.07427449295918145,0.0518329928641518,0.1002023361052076,60
nonexpressed,IgG (U2OS),TSS_pm400,58,0.0716976234316826,0.050472559210533896,0.0950486236338814,60
nonexpressed,IgG (U2OS),TSS_pm400,59,0.07594189196825027,0.05486080290501316,0.0983834054134786,60
nonexpressed,IgG (U2OS),TSS_pm400,60,0.07836718484759331,0.056081028615434965,0.10141501834243537,60
nonexpressed,IgG (U2OS),TSS_pm400,61,0.07791243272523087,0.05638042454297344,0.10217665496468543,60
nonexpressed,IgG (U2OS),TSS_pm400,62,0.07942824689050516,0.05744526325228314,0.10386679737269874,60
nonexpressed,IgG (U2OS),TSS_pm400,63,0.07821562086542448,0.05699434606358409,0.10036155106623967,60
nonexpressed,IgG (U2OS),TSS_pm400,64,0.07760929775734743,0.05698295334229867,0.09837583967112006,60
nonexpressed,IgG (U2OS),TSS_pm400,65,0.0777608792235454,0.057600662565479674,0.09837967255276939,60
nonexpressed,IgG (U2OS),TSS_pm400,66,0.0762450660765171,0.05608485270291567,0.0970229663774371,60
nonexpressed,IgG (U2OS),TSS_pm400,67,0.07548715439935524,0.05501617902393142,0.09716696409446497,60
nonexpressed,IgG (U2OS),TSS_pm400,68,0.07806403552492461,0.0569905379973352,0.10004700144131977,60
nonexpressed,IgG (U2OS),TSS_pm400,69,0.07942827232182027,0.059116467585166296,0.10005838778987526,60
nonexpressed,IgG (U2OS),TSS_pm400,70,0.08033775786558787,0.059116464604934055,0.101559058042864,60
nonexpressed,IgG (U2OS),TSS_pm400,71,0.07609350673854352,0.05487222113957007,0.09731861080601811,60
nonexpressed,IgG (U2OS),TSS_pm400,72,0.07806404121220112,0.05699052711514135,0.10004704644717276,60
nonexpressed,IgG (U2OS),TSS_pm400,73,0.08064089685678483,0.059715171401699386,0.1036811458443602,60
nonexpressed,IgG (U2OS),TSS_pm400,74,0.08200512106219927,0.05850253363450368,0.10565168208753069,60
nonexpressed,IgG (U2OS),TSS_pm400,75,0.08336934770147006,0.05911644965410232,0.10763743485510348,60
nonexpressed,IgG (U2OS),TSS_pm400,76,0.08033774773279825,0.057297474394241966,0.10307484283670783,60
nonexpressed,IgG (U2OS),TSS_pm400,77,0.07836718882123629,0.05562628978739183,0.10156281485408546,60
nonexpressed,IgG (U2OS),TSS_pm400,78,0.07700295031070709,0.053053222876042125,0.10156275670602917,60
nonexpressed,IgG (U2OS),TSS_pm400,79,0.07700294740498066,0.05441743499723573,0.10064950054076813,60
