Peptide_sequence,PTM,Histone,Treatment,Time,mean_fracH,sd_fracH,RowID
EIAQDFKTDLR,K79me,H3,DMSO,24 hr,0.34922163084310937,0.15508448384475015,EIAQDFKTDLR | K79me
EIAQDFKTDLR,K79me,H3,DMSO,9 hr,0.1910121665997735,0.09036360262661972,EIAQDFKTDLR | K79me
EIAQDFKTDLR,K79me,H3,GSK591,24 hr,0.13776432500452432,0.15337141542710467,EIAQDFKTDLR | K79me
EIAQDFKTDLR,K79me,H3,GSK591,9 hr,0.13198617082511624,0.10386875624374008,EIAQDFKTDLR | K79me
EIAQDFKTDLR,K79me2,H3,DMSO,24 hr,0.01894224181936456,0.026305416830006624,EIAQDFKTDLR | K79me2
EIAQDFKTDLR,K79me2,H3,DMSO,9 hr,0.007650219387565889,0.006524649142877027,EIAQDFKTDLR | K79me2
EIAQDFKTDLR,K79me2,H3,GSK591,24 hr,0.0069402389928845286,0.008105420309221083,EIAQDFKTDLR | K79me2
EIAQDFKTDLR,K79me2,H3,GSK591,9 hr,0.01057001071169817,0.009688679769227175,EIAQDFKTDLR | K79me2
EIAQDFKTDLR,K79me3,H3,DMSO,24 hr,0.12912227745190707,0.08873298929675232,EIAQDFKTDLR | K79me3
EIAQDFKTDLR,K79me3,H3,DMSO,9 hr,0.037258491980389004,0.014398846087732555,EIAQDFKTDLR | K79me3
EIAQDFKTDLR,K79me3,H3,GSK591,24 hr,0.11451790154414199,0.0885936671718457,EIAQDFKTDLR | K79me3
EIAQDFKTDLR,K79me3,H3,GSK591,9 hr,0.052681377780084374,0.048975396397516684,EIAQDFKTDLR | K79me3
EIAQDFKTDLR,unmod,H3,DMSO,24 hr,0.42971832597928006,0.041000779502240875,EIAQDFKTDLR | unmod
EIAQDFKTDLR,unmod,H3,DMSO,9 hr,0.24611004918149224,0.013640909903979141,EIAQDFKTDLR | unmod
EIAQDFKTDLR,unmod,H3,GSK591,24 hr,0.461220314560466,0.044237314314550524,EIAQDFKTDLR | unmod
EIAQDFKTDLR,unmod,H3,GSK591,9 hr,0.2382482104183032,0.020500146322120334,EIAQDFKTDLR | unmod
GKGGKGLGKGGAKR,K12ac,H4,DMSO,24 hr,0.491220207271588,0.045390933884163154,GKGGKGLGKGGAKR | K12ac
GKGGKGLGKGGAKR,K12ac,H4,DMSO,9 hr,0.27305108114941,0.018248897265502946,GKGGKGLGKGGAKR | K12ac
GKGGKGLGKGGAKR,K12ac,H4,GSK591,24 hr,0.4535332117414189,0.044504158185804554,GKGGKGLGKGGAKR | K12ac
GKGGKGLGKGGAKR,K12ac,H4,GSK591,9 hr,0.24013083612110875,0.035424770724041287,GKGGKGLGKGGAKR | K12ac
GKGGKGLGKGGAKR,K16ac,H4,DMSO,24 hr,0.4763749400314068,0.04904136367050566,GKGGKGLGKGGAKR | K16ac
GKGGKGLGKGGAKR,K16ac,H4,DMSO,9 hr,0.2657370409331051,0.02236837977592033,GKGGKGLGKGGAKR | K16ac
GKGGKGLGKGGAKR,K16ac,H4,GSK591,24 hr,0.4691701296765963,0.044144176410155195,GKGGKGLGKGGAKR | K16ac
GKGGKGLGKGGAKR,K16ac,H4,GSK591,9 hr,0.2568576214456035,0.014418442240531286,GKGGKGLGKGGAKR | K16ac
GKGGKGLGKGGAKR,K5ac,H4,DMSO,24 hr,0.4753828965087988,0.044863585140957556,GKGGKGLGKGGAKR | K5ac
GKGGKGLGKGGAKR,K5ac,H4,DMSO,9 hr,0.2656967660358993,0.02320762645320593,GKGGKGLGKGGAKR | K5ac
GKGGKGLGKGGAKR,K5ac,H4,GSK591,24 hr,0.46441742238470823,0.044965792772380685,GKGGKGLGKGGAKR | K5ac
GKGGKGLGKGGAKR,K5ac,H4,GSK591,9 hr,0.24151521096507828,0.0217106818743374,GKGGKGLGKGGAKR | K5ac
GKGGKGLGKGGAKR,K5acK8ac,H4,DMSO,24 hr,0.5660011142922882,0.07390130055621122,GKGGKGLGKGGAKR | K5acK8ac
GKGGKGLGKGGAKR,K5acK8ac,H4,DMSO,9 hr,0.37082992966226075,0.11812225091637761,GKGGKGLGKGGAKR | K5acK8ac
GKGGKGLGKGGAKR,K5acK8ac,H4,GSK591,24 hr,0.5365991633110029,0.057021489990127856,GKGGKGLGKGGAKR | K5acK8ac
GKGGKGLGKGGAKR,K5acK8ac,H4,GSK591,9 hr,0.44080934203724453,0.03175738588848268,GKGGKGLGKGGAKR | K5acK8ac
GKGGKGLGKGGAKR,K5acK8acK12ac,H4,DMSO,24 hr,0.5589344038306507,0.4140456950058911,GKGGKGLGKGGAKR | K5acK8acK12ac
GKGGKGLGKGGAKR,K5acK8acK12ac,H4,DMSO,9 hr,0.3576832220147851,0.08069635509684794,GKGGKGLGKGGAKR | K5acK8acK12ac
GKGGKGLGKGGAKR,K5acK8acK12ac,H4,GSK591,24 hr,0.49593131809451235,0.13056001762339298,GKGGKGLGKGGAKR | K5acK8acK12ac
GKGGKGLGKGGAKR,K5acK8acK12ac,H4,GSK591,9 hr,0.3179957791370066,0.21256037257104723,GKGGKGLGKGGAKR | K5acK8acK12ac
GKGGKGLGKGGAKR,K5acK8acK12acK16ac,H4,DMSO,24 hr,0.8479880609601163,0.26329240177414154,GKGGKGLGKGGAKR | K5acK8acK12acK16ac
GKGGKGLGKGGAKR,K5acK8acK12acK16ac,H4,DMSO,9 hr,0.2157588677687148,0.1894458334437547,GKGGKGLGKGGAKR | K5acK8acK12acK16ac
GKGGKGLGKGGAKR,K5acK8acK12acK16ac,H4,GSK591,24 hr,0.7295493586972706,0.23430318026515418,GKGGKGLGKGGAKR | K5acK8acK12acK16ac
GKGGKGLGKGGAKR,K5acK8acK12acK16ac,H4,GSK591,9 hr,0.23798926041357277,0.2640370910930001,GKGGKGLGKGGAKR | K5acK8acK12acK16ac
GKGGKGLGKGGAKR,K8ac,H4,DMSO,24 hr,0.4631487316650607,0.03944438411714759,GKGGKGLGKGGAKR | K8ac
GKGGKGLGKGGAKR,K8ac,H4,DMSO,9 hr,0.26677014368408036,0.023380921576793237,GKGGKGLGKGGAKR | K8ac
GKGGKGLGKGGAKR,K8ac,H4,GSK591,24 hr,0.4648882085268495,0.038527745133025204,GKGGKGLGKGGAKR | K8ac
GKGGKGLGKGGAKR,K8ac,H4,GSK591,9 hr,0.24622740781206193,0.02103954030027758,GKGGKGLGKGGAKR | K8ac
GKGGKGLGKGGAKR,Unmod,H4,DMSO,24 hr,0.43799630322116617,0.017278047080136225,GKGGKGLGKGGAKR | Unmod
GKGGKGLGKGGAKR,Unmod,H4,DMSO,9 hr,0.20118449177162964,0.006312596403028686,GKGGKGLGKGGAKR | Unmod
GKGGKGLGKGGAKR,Unmod,H4,GSK591,24 hr,0.4247339479412293,0.02859841023486189,GKGGKGLGKGGAKR | Unmod
GKGGKGLGKGGAKR,Unmod,H4,GSK591,9 hr,0.19827217256815102,0.006047309405536044,GKGGKGLGKGGAKR | Unmod
KQLATKAAR,K18ac,H3,DMSO,24 hr,0.6219066200909308,0.25214806821887165,KQLATKAAR | K18ac
KQLATKAAR,K18ac,H3,DMSO,9 hr,0.30222342128295887,0.016917848192770812,KQLATKAAR | K18ac
KQLATKAAR,K18ac,H3,GSK591,24 hr,0.4857350245871885,0.0104868611438118,KQLATKAAR | K18ac
KQLATKAAR,K18ac,H3,GSK591,9 hr,0.29109989604416636,0.024508068137494458,KQLATKAAR | K18ac
KQLATKAAR,K18acK23ac,H3,DMSO,24 hr,0.7148328659152275,0.1947997407342412,KQLATKAAR | K18acK23ac
KQLATKAAR,K18acK23ac,H3,DMSO,9 hr,0.36216695337694793,0.011561279631225834,KQLATKAAR | K18acK23ac
KQLATKAAR,K18acK23ac,H3,GSK591,24 hr,0.5525856704621974,0.0451266239578958,KQLATKAAR | K18acK23ac
KQLATKAAR,K18acK23ac,H3,GSK591,9 hr,0.37010897455951064,0.08505068964623082,KQLATKAAR | K18acK23ac
KQLATKAAR,K18me1,H3,DMSO,24 hr,0.011620633416754667,0.00795491551842065,KQLATKAAR | K18me1
KQLATKAAR,K18me1,H3,DMSO,9 hr,0.0015053824333690587,0.002005529424626562,KQLATKAAR | K18me1
KQLATKAAR,K18me1,H3,GSK591,24 hr,0.01076910603705664,0.00569191941389314,KQLATKAAR | K18me1
KQLATKAAR,K18me1,H3,GSK591,9 hr,0.0010175211423727162,0.0020350422847454325,KQLATKAAR | K18me1
KQLATKAAR,K18me1K23me1,H3,DMSO,24 hr,0.7097018307979681,0.12513835391282044,KQLATKAAR | K18me1K23me1
KQLATKAAR,K18me1K23me1,H3,DMSO,9 hr,0.672472993598501,0.057449339269186085,KQLATKAAR | K18me1K23me1
KQLATKAAR,K18me1K23me1,H3,GSK591,24 hr,0.697992271400707,0.09791846277221239,KQLATKAAR | K18me1K23me1
KQLATKAAR,K18me1K23me1,H3,GSK591,9 hr,0.5947328551799363,0.13694299519631828,KQLATKAAR | K18me1K23me1
KQLATKAAR,K23ac,H3,DMSO,24 hr,0.4977914171093298,0.00819880734263455,KQLATKAAR | K23ac
KQLATKAAR,K23ac,H3,DMSO,9 hr,0.30092426482470896,0.018354217489446767,KQLATKAAR | K23ac
KQLATKAAR,K23ac,H3,GSK591,24 hr,0.48222851407709555,0.014776956035831674,KQLATKAAR | K23ac
KQLATKAAR,K23ac,H3,GSK591,9 hr,0.2885010301500472,0.02103775365727456,KQLATKAAR | K23ac
KQLATKAAR,K23me1,H3,DMSO,24 hr,0.02636048856747057,0.018020268423366823,KQLATKAAR | K23me1
KQLATKAAR,K23me1,H3,DMSO,9 hr,0.0028189937302592885,0.003255244107916182,KQLATKAAR | K23me1
KQLATKAAR,K23me1,H3,GSK591,24 hr,0.035712380656879664,0.006063273400599005,KQLATKAAR | K23me1
KQLATKAAR,K23me1,H3,GSK591,9 hr,0.007660474051307163,0.0028889740542324804,KQLATKAAR | K23me1
KQLATKAAR,Unmod,H3,DMSO,24 hr,0.43266810429322516,0.016257175843250437,KQLATKAAR | Unmod
KQLATKAAR,Unmod,H3,DMSO,9 hr,0.2107093864388082,0.011497920183362893,KQLATKAAR | Unmod
KQLATKAAR,Unmod,H3,GSK591,24 hr,0.42242291985499747,0.018733093007530257,KQLATKAAR | Unmod
KQLATKAAR,Unmod,H3,GSK591,9 hr,0.19289701499866135,0.02288840250741043,KQLATKAAR | Unmod
KSAPATGGVKKPHR,K27me1K36me1,H3,DMSO,24 hr,1,0,KSAPATGGVKKPHR | K27me1K36me1
KSAPATGGVKKPHR,K27me1K36me1,H3,DMSO,9 hr,1,NA,KSAPATGGVKKPHR | K27me1K36me1
KSAPATGGVKKPHR,K27me1K36me1,H3,GSK591,24 hr,NA,NA,KSAPATGGVKKPHR | K27me1K36me1
KSAPATGGVKKPHR,K27me1K36me1,H3,GSK591,9 hr,1,0,KSAPATGGVKKPHR | K27me1K36me1
KSAPATGGVKKPHR,K27me1K36me2,H3,DMSO,24 hr,0.4816299091415213,0.13309523662928704,KSAPATGGVKKPHR | K27me1K36me2
KSAPATGGVKKPHR,K27me1K36me2,H3,DMSO,9 hr,0.16681612724025363,0.022090195178842423,KSAPATGGVKKPHR | K27me1K36me2
KSAPATGGVKKPHR,K27me1K36me2,H3,GSK591,24 hr,0.4541538114468877,0.1021691848104917,KSAPATGGVKKPHR | K27me1K36me2
KSAPATGGVKKPHR,K27me1K36me2,H3,GSK591,9 hr,0.15965155818773452,0.035640501926260594,KSAPATGGVKKPHR | K27me1K36me2
KSAPATGGVKKPHR,K27me1K36me3,H3,DMSO,24 hr,0.2696094043135054,0.12162004037283203,KSAPATGGVKKPHR | K27me1K36me3
KSAPATGGVKKPHR,K27me1K36me3,H3,DMSO,9 hr,0.33331117058559706,0.14364479875647176,KSAPATGGVKKPHR | K27me1K36me3
KSAPATGGVKKPHR,K27me1K36me3,H3,GSK591,24 hr,0.45208989948893624,0.3086389136083225,KSAPATGGVKKPHR | K27me1K36me3
KSAPATGGVKKPHR,K27me1K36me3,H3,GSK591,9 hr,0.3561593500492626,0.06378379554780972,KSAPATGGVKKPHR | K27me1K36me3
KSAPATGGVKKPHR,K27me2,H3,DMSO,24 hr,0.4311745570685634,0.0420778438352135,KSAPATGGVKKPHR | K27me2
KSAPATGGVKKPHR,K27me2,H3,DMSO,9 hr,0.19800044116967672,0.023161688384921154,KSAPATGGVKKPHR | K27me2
KSAPATGGVKKPHR,K27me2,H3,GSK591,24 hr,0.42012567420561137,0.0718272021409513,KSAPATGGVKKPHR | K27me2
KSAPATGGVKKPHR,K27me2,H3,GSK591,9 hr,0.1879094409296442,0.02089516584498143,KSAPATGGVKKPHR | K27me2
KSAPATGGVKKPHR,K27me2K36me1,H3,DMSO,24 hr,0.43261009207469225,0.044326282081085015,KSAPATGGVKKPHR | K27me2K36me1
KSAPATGGVKKPHR,K27me2K36me1,H3,DMSO,9 hr,0.10079087449183216,0.0217319904684187,KSAPATGGVKKPHR | K27me2K36me1
KSAPATGGVKKPHR,K27me2K36me1,H3,GSK591,24 hr,0.3908676906235017,0.09722124416138926,KSAPATGGVKKPHR | K27me2K36me1
KSAPATGGVKKPHR,K27me2K36me1,H3,GSK591,9 hr,0.0969880861101351,0.02353066299746619,KSAPATGGVKKPHR | K27me2K36me1
KSAPATGGVKKPHR,K27me2K36me2,H3,DMSO,24 hr,0.24386185086381143,0.03274016586701087,KSAPATGGVKKPHR | K27me2K36me2
KSAPATGGVKKPHR,K27me2K36me2,H3,DMSO,9 hr,0.0156253343125595,0.0071757995339994645,KSAPATGGVKKPHR | K27me2K36me2
KSAPATGGVKKPHR,K27me2K36me2,H3,GSK591,24 hr,0.20909064875435013,0.061369051564560725,KSAPATGGVKKPHR | K27me2K36me2
KSAPATGGVKKPHR,K27me2K36me2,H3,GSK591,9 hr,0.007914936713932189,0.005914436760563467,KSAPATGGVKKPHR | K27me2K36me2
KSAPATGGVKKPHR,K27me3,H3,DMSO,24 hr,0.22669416214888713,0.06632517233631444,KSAPATGGVKKPHR | K27me3
KSAPATGGVKKPHR,K27me3,H3,DMSO,9 hr,0.014499353831973896,0.010623199384714494,KSAPATGGVKKPHR | K27me3
KSAPATGGVKKPHR,K27me3,H3,GSK591,24 hr,0.19445389861481904,0.08924007557030546,KSAPATGGVKKPHR | K27me3
KSAPATGGVKKPHR,K27me3,H3,GSK591,9 hr,0.010787437011748766,0.012510129997425968,KSAPATGGVKKPHR | K27me3
KSAPATGGVKKPHR,K27me3K36me1,H3,DMSO,24 hr,7.36867031443514e-4,8.914743228485922e-4,KSAPATGGVKKPHR | K27me3K36me1
KSAPATGGVKKPHR,K27me3K36me1,H3,DMSO,9 hr,8.149469708237163e-4,0.0016298939416474327,KSAPATGGVKKPHR | K27me3K36me1
KSAPATGGVKKPHR,K27me3K36me1,H3,GSK591,24 hr,3.356918011841683e-4,6.713836023683366e-4,KSAPATGGVKKPHR | K27me3K36me1
KSAPATGGVKKPHR,K27me3K36me1,H3,GSK591,9 hr,5.479269210299952e-4,0.0010958538420599905,KSAPATGGVKKPHR | K27me3K36me1
KSAPATGGVKKPHR,K27me3K36me2,H3,DMSO,24 hr,0.01992607913617212,0.014321700147031198,KSAPATGGVKKPHR | K27me3K36me2
KSAPATGGVKKPHR,K27me3K36me2,H3,DMSO,9 hr,0,0,KSAPATGGVKKPHR | K27me3K36me2
KSAPATGGVKKPHR,K27me3K36me2,H3,GSK591,24 hr,0.03617260809269836,0.04189257927965611,KSAPATGGVKKPHR | K27me3K36me2
KSAPATGGVKKPHR,K27me3K36me2,H3,GSK591,9 hr,0,0,KSAPATGGVKKPHR | K27me3K36me2
KSAPATGGVKKPHR,K36me2,H3,DMSO,24 hr,0.802316748018429,0.12445091076180115,KSAPATGGVKKPHR | K36me2
KSAPATGGVKKPHR,K36me2,H3,DMSO,9 hr,0.5251327329240558,0.058359729868119076,KSAPATGGVKKPHR | K36me2
KSAPATGGVKKPHR,K36me2,H3,GSK591,24 hr,0.8673992656073155,0.15394192877651514,KSAPATGGVKKPHR | K36me2
KSAPATGGVKKPHR,K36me2,H3,GSK591,9 hr,0.50493248881502,0.03627905381497116,KSAPATGGVKKPHR | K36me2
KSAPATGGVKKPHR,K36me3,H3,DMSO,24 hr,0.4320575816755733,0.043808594917733534,KSAPATGGVKKPHR | K36me3
KSAPATGGVKKPHR,K36me3,H3,DMSO,9 hr,0.09978068995707612,0.02114723248801583,KSAPATGGVKKPHR | K36me3
KSAPATGGVKKPHR,K36me3,H3,GSK591,24 hr,0.3905270305221928,0.09681664528713554,KSAPATGGVKKPHR | K36me3
KSAPATGGVKKPHR,K36me3,H3,GSK591,9 hr,0.09892016513398834,0.025789519626759436,KSAPATGGVKKPHR | K36me3
KSTGGKAPR,K14ac,H3,DMSO,24 hr,0.6985122012140432,0.023715344873823107,KSTGGKAPR | K14ac
KSTGGKAPR,K14ac,H3,DMSO,9 hr,0.5157651504698023,0.034882895171346504,KSTGGKAPR | K14ac
KSTGGKAPR,K14ac,H3,GSK591,24 hr,0.6670369832613876,0.016530901550579905,KSTGGKAPR | K14ac
KSTGGKAPR,K14ac,H3,GSK591,9 hr,0.5540652055880315,0.019865935290881476,KSTGGKAPR | K14ac
KSTGGKAPR,K9ac,H3,DMSO,24 hr,0.6894564413425238,0.022809465167885894,KSTGGKAPR | K9ac
KSTGGKAPR,K9ac,H3,DMSO,9 hr,0.5570954724559746,0.024825942578632267,KSTGGKAPR | K9ac
KSTGGKAPR,K9ac,H3,GSK591,24 hr,0.6794266285891882,0.015543315898931875,KSTGGKAPR | K9ac
KSTGGKAPR,K9ac,H3,GSK591,9 hr,0.5440661978532977,0.025200337115711912,KSTGGKAPR | K9ac
KSTGGKAPR,K9acK14ac,H3,DMSO,24 hr,0.9924990119182547,0.009209146465738149,KSTGGKAPR | K9acK14ac
KSTGGKAPR,K9acK14ac,H3,DMSO,9 hr,0.9944361102131133,0.008167157736818068,KSTGGKAPR | K9acK14ac
KSTGGKAPR,K9acK14ac,H3,GSK591,24 hr,1,0,KSTGGKAPR | K9acK14ac
KSTGGKAPR,K9acK14ac,H3,GSK591,9 hr,0.8546859584246745,0.2906280831506509,KSTGGKAPR | K9acK14ac
KSTGGKAPR,K9me1,H3,DMSO,24 hr,0.04101597698473922,0.027487877046871778,KSTGGKAPR | K9me1
KSTGGKAPR,K9me1,H3,DMSO,9 hr,0.01633789319932171,0.007244904483711212,KSTGGKAPR | K9me1
KSTGGKAPR,K9me1,H3,GSK591,24 hr,0.021723589300041455,0.005888169503273447,KSTGGKAPR | K9me1
KSTGGKAPR,K9me1,H3,GSK591,9 hr,0.010884194669170975,0.007569884603558057,KSTGGKAPR | K9me1
KSTGGKAPR,K9me2,H3,DMSO,24 hr,0.43119072086109556,0.0195449985683503,KSTGGKAPR | K9me2
KSTGGKAPR,K9me2,H3,DMSO,9 hr,0.14460243091298441,0.01180666400645871,KSTGGKAPR | K9me2
KSTGGKAPR,K9me2,H3,GSK591,24 hr,0.42893337351941,0.016311127412019483,KSTGGKAPR | K9me2
KSTGGKAPR,K9me2,H3,GSK591,9 hr,0.15027278570363614,0.019310355510995723,KSTGGKAPR | K9me2
KSTGGKAPR,K9me2K14ac,H3,DMSO,24 hr,0.41368430366130854,0.011181073454014043,KSTGGKAPR | K9me2K14ac
KSTGGKAPR,K9me2K14ac,H3,DMSO,9 hr,0.14628977072501112,0.009390846559039564,KSTGGKAPR | K9me2K14ac
KSTGGKAPR,K9me2K14ac,H3,GSK591,24 hr,0.405574903410122,0.005999872255535512,KSTGGKAPR | K9me2K14ac
KSTGGKAPR,K9me2K14ac,H3,GSK591,9 hr,0.14260791283371319,0.008041624823180252,KSTGGKAPR | K9me2K14ac
KSTGGKAPR,K9me3,H3,DMSO,24 hr,0.26983254141005586,0.00995816791714808,KSTGGKAPR | K9me3
KSTGGKAPR,K9me3,H3,DMSO,9 hr,0.04777385330870447,0.002111152446641828,KSTGGKAPR | K9me3
KSTGGKAPR,K9me3,H3,GSK591,24 hr,0.27143462607793273,0.00805693888756502,KSTGGKAPR | K9me3
KSTGGKAPR,K9me3,H3,GSK591,9 hr,0.04599277502447183,0.0034202219356709645,KSTGGKAPR | K9me3
KSTGGKAPR,K9me3K14ac,H3,DMSO,24 hr,0.23808143924893907,0.013439970545722022,KSTGGKAPR | K9me3K14ac
KSTGGKAPR,K9me3K14ac,H3,DMSO,9 hr,0.04305486272551223,0.004275370937371024,KSTGGKAPR | K9me3K14ac
KSTGGKAPR,K9me3K14ac,H3,GSK591,24 hr,0.24439047107714149,0.009245812152162133,KSTGGKAPR | K9me3K14ac
KSTGGKAPR,K9me3K14ac,H3,GSK591,9 hr,0.04175662773356323,0.002609897319387084,KSTGGKAPR | K9me3K14ac
KSTGGKAPR,K9meK14ac,H3,DMSO,24 hr,0.11486352179848673,0.04297557377650138,KSTGGKAPR | K9meK14ac
KSTGGKAPR,K9meK14ac,H3,DMSO,9 hr,0.2016220637319732,0.2328767939413683,KSTGGKAPR | K9meK14ac
KSTGGKAPR,K9meK14ac,H3,GSK591,24 hr,0.07086201989750343,0.06963094690342576,KSTGGKAPR | K9meK14ac
KSTGGKAPR,K9meK14ac,H3,GSK591,9 hr,0.1120097759072599,0.03716362229350624,KSTGGKAPR | K9meK14ac
KSTGGKAPR,Unmod,H3,DMSO,24 hr,0.014614120509659233,0.010075604830342056,KSTGGKAPR | Unmod
KSTGGKAPR,Unmod,H3,DMSO,9 hr,0.10032167446425522,0.07097053508287157,KSTGGKAPR | Unmod
KSTGGKAPR,Unmod,H3,GSK591,24 hr,0.031001375183825938,0.019527035103487043,KSTGGKAPR | Unmod
KSTGGKAPR,Unmod,H3,GSK591,9 hr,0.054252627918913034,0.04868698357880129,KSTGGKAPR | Unmod
KVLR,K20ac,H4,DMSO,24 hr,0.9988035552471266,0.002392889505746787,KVLR | K20ac
KVLR,K20ac,H4,DMSO,9 hr,0.9993115724880566,0.001376855023886847,KVLR | K20ac
KVLR,K20ac,H4,GSK591,24 hr,0.9985272648837411,0.0017143976196368693,KVLR | K20ac
KVLR,K20ac,H4,GSK591,9 hr,0.9977563931948795,0.004487213610240959,KVLR | K20ac
KVLR,K20me1,H4,DMSO,24 hr,1,0,KVLR | K20me1
KVLR,K20me1,H4,DMSO,9 hr,1,NA,KVLR | K20me1
KVLR,K20me1,H4,GSK591,24 hr,0.75,0.5,KVLR | K20me1
KVLR,K20me1,H4,GSK591,9 hr,1,0,KVLR | K20me1
KVLR,K20me2,H4,DMSO,24 hr,0.999667835820863,6.643283582737913e-4,KVLR | K20me2
KVLR,K20me2,H4,DMSO,9 hr,0.9838153759671059,0.006874833193693284,KVLR | K20me2
KVLR,K20me2,H4,GSK591,24 hr,0.9991367073690326,0.0014043754034509036,KVLR | K20me2
KVLR,K20me2,H4,GSK591,9 hr,0.9814912953241617,0.014338585366352335,KVLR | K20me2
KVLR,K20me3,H4,DMSO,24 hr,0.16050672009445854,0.12919429053921433,KVLR | K20me3
KVLR,K20me3,H4,DMSO,9 hr,0.0012119612372246545,0.002423922474449309,KVLR | K20me3
KVLR,K20me3,H4,GSK591,24 hr,0.07131311313131489,0.04219370892419555,KVLR | K20me3
KVLR,K20me3,H4,GSK591,9 hr,0.04388343365444615,0.05064090502608986,KVLR | K20me3
KVLR,unmod,H4,DMSO,24 hr,0.016447149427794985,0.02597733660189333,KVLR | unmod
KVLR,unmod,H4,DMSO,9 hr,0,0,KVLR | unmod
KVLR,unmod,H4,GSK591,24 hr,0.003638714386982223,0.007277428773964446,KVLR | unmod
KVLR,unmod,H4,GSK591,9 hr,0,0,KVLR | unmod
TKQTAR,K4ac,H3,DMSO,24 hr,0.37021532759107484,0.11541990894863112,TKQTAR | K4ac
TKQTAR,K4ac,H3,DMSO,9 hr,0.6022048742728995,0.1869105757626914,TKQTAR | K4ac
TKQTAR,K4ac,H3,GSK591,24 hr,0.4191582359177516,0.2875078082298119,TKQTAR | K4ac
TKQTAR,K4ac,H3,GSK591,9 hr,0.4309339556883036,0.09324935440456932,TKQTAR | K4ac
TKQTAR,K4me1,H3,DMSO,24 hr,0.3358154616848561,0.0181566057270732,TKQTAR | K4me1
TKQTAR,K4me1,H3,DMSO,9 hr,0.08806010949398645,0.011182409799965168,TKQTAR | K4me1
TKQTAR,K4me1,H3,GSK591,24 hr,0.34599094147400355,0.02484287127966461,TKQTAR | K4me1
TKQTAR,K4me1,H3,GSK591,9 hr,0.09169477822859212,0.035629577306439814,TKQTAR | K4me1
TKQTAR,K4me2,H3,DMSO,24 hr,0.4973931875223299,0.025037996533530456,TKQTAR | K4me2
TKQTAR,K4me2,H3,DMSO,9 hr,0.2388816955326955,0.01827725954123935,TKQTAR | K4me2
TKQTAR,K4me2,H3,GSK591,24 hr,0.46481663503860954,0.026884935485839145,TKQTAR | K4me2
TKQTAR,K4me2,H3,GSK591,9 hr,0.23173737283146373,0.021581053283584308,TKQTAR | K4me2
TKQTAR,K4me3,H3,DMSO,24 hr,0.517215639752971,0.028544042381990212,TKQTAR | K4me3
TKQTAR,K4me3,H3,DMSO,9 hr,0.2537535194424583,0.012118978608415694,TKQTAR | K4me3
TKQTAR,K4me3,H3,GSK591,24 hr,0.4961397974260642,0.00790214532768363,TKQTAR | K4me3
TKQTAR,K4me3,H3,GSK591,9 hr,0.272596344950807,0.036122597871387656,TKQTAR | K4me3
TKQTAR,unmod,H3,DMSO,24 hr,0.4588792676910302,0.007861848095050873,TKQTAR | unmod
TKQTAR,unmod,H3,DMSO,9 hr,0.2345427408346471,0.008475544328673347,TKQTAR | unmod
TKQTAR,unmod,H3,GSK591,24 hr,0.45181423108687446,0.004687898161503872,TKQTAR | unmod
TKQTAR,unmod,H3,GSK591,9 hr,0.22624643603839084,0.0103127300312371,TKQTAR | unmod
YQKSTELLIR,K56ac,H3,DMSO,24 hr,0.05570943996197194,0.04916117427333447,YQKSTELLIR | K56ac
YQKSTELLIR,K56ac,H3,DMSO,9 hr,0.13162088789114232,0.04536034163526812,YQKSTELLIR | K56ac
YQKSTELLIR,K56ac,H3,GSK591,24 hr,0.5132993144972718,0.5621464573537913,YQKSTELLIR | K56ac
YQKSTELLIR,K56ac,H3,GSK591,9 hr,0.1549823349829201,0.04549853550515473,YQKSTELLIR | K56ac
YQKSTELLIR,K56me1,H3,DMSO,24 hr,0.0920660492744447,0.010239018430472278,YQKSTELLIR | K56me1
YQKSTELLIR,K56me1,H3,DMSO,9 hr,0.04560872679903154,0.0209259003835026,YQKSTELLIR | K56me1
YQKSTELLIR,K56me1,H3,GSK591,24 hr,0.10245487515525578,0.024559024896446752,YQKSTELLIR | K56me1
YQKSTELLIR,K56me1,H3,GSK591,9 hr,0.040568957489448866,0.0068234580423512424,YQKSTELLIR | K56me1
YQKSTELLIR,K56me2,H3,DMSO,24 hr,0,NA,YQKSTELLIR | K56me2
YQKSTELLIR,K56me2,H3,DMSO,9 hr,1,NA,YQKSTELLIR | K56me2
YQKSTELLIR,K56me2,H3,GSK591,24 hr,0,NA,YQKSTELLIR | K56me2
YQKSTELLIR,K56me2,H3,GSK591,9 hr,0,NA,YQKSTELLIR | K56me2
YQKSTELLIR,K56me3,H3,DMSO,24 hr,1,0,YQKSTELLIR | K56me3
YQKSTELLIR,K56me3,H3,DMSO,9 hr,0.4393607607583116,0.5169037470242003,YQKSTELLIR | K56me3
YQKSTELLIR,K56me3,H3,GSK591,24 hr,0.5,0.5773502691896257,YQKSTELLIR | K56me3
YQKSTELLIR,K56me3,H3,GSK591,9 hr,1,0,YQKSTELLIR | K56me3
YQKSTELLIR,unmod,H3,DMSO,24 hr,0.3686120732180713,0.01619144089243448,YQKSTELLIR | unmod
YQKSTELLIR,unmod,H3,DMSO,9 hr,0.19194256349470623,0.015813921422178898,YQKSTELLIR | unmod
YQKSTELLIR,unmod,H3,GSK591,24 hr,0.37515988461665,0.030419317821038083,YQKSTELLIR | unmod
YQKSTELLIR,unmod,H3,GSK591,9 hr,0.16709168187441908,0.009888117154975314,YQKSTELLIR | unmod
