Peptide_sequence,PTM,Heavy_Light,Treatment,Time,mean_pct,sd_pct
EIAQDFKTDLR,K79me,heavy,DMSO,24 hr,7.6244749746707905,4.012335120425921
EIAQDFKTDLR,K79me,heavy,DMSO,9 hr,5.629031477898797,2.270717807037669
EIAQDFKTDLR,K79me,heavy,GSK591,24 hr,2.3426677378034313,3.4963388760434086
EIAQDFKTDLR,K79me,heavy,GSK591,9 hr,5.821345947268721,5.577092702868974
EIAQDFKTDLR,K79me,light,DMSO,24 hr,2.947244423213054,0.9178668936553582
EIAQDFKTDLR,K79me,light,DMSO,9 hr,4.178180911640824,2.166079118981026
EIAQDFKTDLR,K79me,light,GSK591,24 hr,2.940282644491872,2.591431969522201
EIAQDFKTDLR,K79me,light,GSK591,9 hr,3.243399449876379,0.9632604592348165
EIAQDFKTDLR,K79me2,heavy,DMSO,24 hr,4.879882270085065,5.5589698259513805
EIAQDFKTDLR,K79me2,heavy,DMSO,9 hr,2.4075606250851513,2.470298056685008
EIAQDFKTDLR,K79me2,heavy,GSK591,24 hr,1.3823457692957737,1.9284607308449147
EIAQDFKTDLR,K79me2,heavy,GSK591,9 hr,5.785622337102852,5.34778099645068
EIAQDFKTDLR,K79me2,light,DMSO,24 hr,67.39530850806715,3.5848665149201797
EIAQDFKTDLR,K79me2,light,DMSO,9 hr,42.35679755986479,11.326628232170288
EIAQDFKTDLR,K79me2,light,GSK591,24 hr,66.88169006536657,18.225021114793485
EIAQDFKTDLR,K79me2,light,GSK591,9 hr,57.45079046991915,3.1420283172940615
EIAQDFKTDLR,K79me3,heavy,DMSO,24 hr,3.568544141366914,2.0478620652041615
EIAQDFKTDLR,K79me3,heavy,DMSO,9 hr,2.4811638381471064,0.9286408621726734
EIAQDFKTDLR,K79me3,heavy,GSK591,24 hr,2.543081589813402,1.6934291296999515
EIAQDFKTDLR,K79me3,heavy,GSK591,9 hr,3.4926774451141798,1.5263299255483869
EIAQDFKTDLR,K79me3,light,DMSO,24 hr,5.377429737184606,1.6708138816871494
EIAQDFKTDLR,K79me3,light,DMSO,9 hr,10.373601116651033,3.475499429048641
EIAQDFKTDLR,K79me3,light,GSK591,24 hr,5.413298587287171,3.9185442935572463
EIAQDFKTDLR,K79me3,light,GSK591,9 hr,9.567764585583213,4.299559736387489
EIAQDFKTDLR,unmod,heavy,DMSO,24 hr,83.92709861387723,3.3165493135374513
EIAQDFKTDLR,unmod,heavy,DMSO,9 hr,89.48224405886894,2.6300036375574414
EIAQDFKTDLR,unmod,heavy,GSK591,24 hr,93.7319049030874,4.176893539040751
EIAQDFKTDLR,unmod,heavy,GSK591,9 hr,84.90035427051424,5.4593514960655645
EIAQDFKTDLR,unmod,light,DMSO,24 hr,24.2800173315352,4.816261496215043
EIAQDFKTDLR,unmod,light,DMSO,9 hr,43.09142041184336,11.087458383125796
EIAQDFKTDLR,unmod,light,GSK591,24 hr,24.764728702854388,14.453859344065107
EIAQDFKTDLR,unmod,light,GSK591,9 hr,29.73804549462126,3.7201985767786496
GKGGKGLGKGGAKR,K12ac,heavy,DMSO,24 hr,15.243276934021022,1.0182327620111877
GKGGKGLGKGGAKR,K12ac,heavy,DMSO,9 hr,16.193617223289863,1.2429680487196715
GKGGKGLGKGGAKR,K12ac,heavy,GSK591,24 hr,14.233643853912245,2.4334065658123456
GKGGKGLGKGGAKR,K12ac,heavy,GSK591,9 hr,14.496929150480408,3.060707930693987
GKGGKGLGKGGAKR,K12ac,light,DMSO,24 hr,13.823757447675932,1.725863945269804
GKGGKGLGKGGAKR,K12ac,light,DMSO,9 hr,14.26499284020583,1.2210421339752349
GKGGKGLGKGGAKR,K12ac,light,GSK591,24 hr,14.118446509307882,1.5774912842823319
GKGGKGLGKGGAKR,K12ac,light,GSK591,9 hr,14.120241252944737,1.556024566981309
GKGGKGLGKGGAKR,K16ac,heavy,DMSO,24 hr,16.538903733886656,0.3025834651307253
GKGGKGLGKGGAKR,K16ac,heavy,DMSO,9 hr,16.706022223297694,0.7543693583693815
GKGGKGLGKGGAKR,K16ac,heavy,GSK591,24 hr,16.31156407598442,0.4973217424392294
GKGGKGLGKGGAKR,K16ac,heavy,GSK591,9 hr,16.195364300584874,0.5014827923379147
GKGGKGLGKGGAKR,K16ac,light,DMSO,24 hr,15.87583511595168,0.8054925212649285
GKGGKGLGKGGAKR,K16ac,light,DMSO,9 hr,15.295150288893915,1.0564062943825416
GKGGKGLGKGGAKR,K16ac,light,GSK591,24 hr,15.288984579918154,0.5231257143947392
GKGGKGLGKGGAKR,K16ac,light,GSK591,9 hr,14.599709974357811,1.464960802164351
GKGGKGLGKGGAKR,K5ac,heavy,DMSO,24 hr,16.551071408992954,0.3121656214119438
GKGGKGLGKGGAKR,K5ac,heavy,DMSO,9 hr,16.661223509034883,0.8234446494736757
GKGGKGLGKGGAKR,K5ac,heavy,GSK591,24 hr,16.370682043448014,0.5147781090920273
GKGGKGLGKGGAKR,K5ac,heavy,GSK591,9 hr,16.228944767816994,0.46587439294710264
GKGGKGLGKGGAKR,K5ac,light,DMSO,24 hr,15.93861467455589,0.48623873539929996
GKGGKGLGKGGAKR,K5ac,light,DMSO,9 hr,15.266408954344458,1.2026079042645428
GKGGKGLGKGGAKR,K5ac,light,GSK591,24 hr,15.644278736360802,0.6402241210944997
GKGGKGLGKGGAKR,K5ac,light,GSK591,9 hr,15.85367880534592,0.6231909725110751
GKGGKGLGKGGAKR,K5acK8ac,heavy,DMSO,24 hr,3.402336214461269,1.1253746484844656
GKGGKGLGKGGAKR,K5acK8ac,heavy,DMSO,9 hr,4.4018519773523925,2.9203748668794725
GKGGKGLGKGGAKR,K5acK8ac,heavy,GSK591,24 hr,3.6613763671618136,0.8621914647840525
GKGGKGLGKGGAKR,K5acK8ac,heavy,GSK591,9 hr,6.4600327723852216,0.29167880371938104
GKGGKGLGKGGAKR,K5acK8ac,light,DMSO,24 hr,2.331214414265048,0.8977234710899777
GKGGKGLGKGGAKR,K5acK8ac,light,DMSO,9 hr,2.0171884923632386,1.2034959925823994
GKGGKGLGKGGAKR,K5acK8ac,light,GSK591,24 hr,2.5752336039472765,0.3777478361337217
GKGGKGLGKGGAKR,K5acK8ac,light,GSK591,9 hr,2.546656624103459,0.19350495489817243
GKGGKGLGKGGAKR,K5acK8acK12ac,heavy,DMSO,24 hr,0.49649032612674365,0.4201190790083542
GKGGKGLGKGGAKR,K5acK8acK12ac,heavy,DMSO,9 hr,0.7734614715438174,0.1458779588854454
GKGGKGLGKGGAKR,K5acK8acK12ac,heavy,GSK591,24 hr,0.40396860656552164,0.33367824834647225
GKGGKGLGKGGAKR,K5acK8acK12ac,heavy,GSK591,9 hr,0.8661409520866663,0.6290744915954118
GKGGKGLGKGGAKR,K5acK8acK12ac,light,DMSO,24 hr,0.452646882057134,0.48729643164741376
GKGGKGLGKGGAKR,K5acK8acK12ac,light,DMSO,9 hr,0.47374789041264465,0.14129428417147225
GKGGKGLGKGGAKR,K5acK8acK12ac,light,GSK591,24 hr,0.3274504997974635,0.2267209139587387
GKGGKGLGKGGAKR,K5acK8acK12ac,light,GSK591,9 hr,0.5416819034058992,0.11755192134082432
GKGGKGLGKGGAKR,K5acK8acK12acK16ac,heavy,DMSO,24 hr,0.09169196328449943,0.08616834542096201
GKGGKGLGKGGAKR,K5acK8acK12acK16ac,heavy,DMSO,9 hr,0.06584090844295509,0.07603196271521212
GKGGKGLGKGGAKR,K5acK8acK12acK16ac,heavy,GSK591,24 hr,0.16881048409749444,0.1281158704510522
GKGGKGLGKGGAKR,K5acK8acK12acK16ac,heavy,GSK591,9 hr,0.11846831600883025,0.1844892983614136
GKGGKGLGKGGAKR,K5acK8acK12acK16ac,light,DMSO,24 hr,0.012419968488092214,0.02483993697618443
GKGGKGLGKGGAKR,K5acK8acK12acK16ac,light,DMSO,9 hr,0.06175453946482727,0.04890784842208745
GKGGKGLGKGGAKR,K5acK8acK12acK16ac,light,GSK591,24 hr,0.07684950370904053,0.1013252558315296
GKGGKGLGKGGAKR,K5acK8acK12acK16ac,light,GSK591,9 hr,0.07539484366908857,0.052006661029456065
GKGGKGLGKGGAKR,K8ac,heavy,DMSO,24 hr,16.51441336880322,0.29188296405880226
GKGGKGLGKGGAKR,K8ac,heavy,DMSO,9 hr,16.681557576436806,0.6850194717831681
GKGGKGLGKGGAKR,K8ac,heavy,GSK591,24 hr,16.28040026604196,0.4435962685385252
GKGGKGLGKGGAKR,K8ac,heavy,GSK591,9 hr,16.251780823445632,0.5055078403476749
GKGGKGLGKGGAKR,K8ac,light,DMSO,24 hr,16.72143701617396,1.0029301586925123
GKGGKGLGKGGAKR,K8ac,light,DMSO,9 hr,15.193614730442658,0.9868008234511381
GKGGKGLGKGGAKR,K8ac,light,GSK591,24 hr,15.52377471464046,0.5005926617993631
GKGGKGLGKGGAKR,K8ac,light,GSK591,9 hr,15.467262619587183,0.5693483609160723
GKGGKGLGKGGAKR,Unmod,heavy,DMSO,24 hr,31.16181605042364,2.3078854936060935
GKGGKGLGKGGAKR,Unmod,heavy,DMSO,9 hr,28.516425110601585,1.9437524703555358
GKGGKGLGKGGAKR,Unmod,heavy,GSK591,24 hr,32.56955430278854,2.8938135489750025
GKGGKGLGKGGAKR,Unmod,heavy,GSK591,9 hr,29.382338917191372,1.9740102297174988
GKGGKGLGKGGAKR,Unmod,light,DMSO,24 hr,34.844074480832255,2.2614627581079243
GKGGKGLGKGGAKR,Unmod,light,DMSO,9 hr,37.427142263872426,3.0231011793961
GKGGKGLGKGGAKR,Unmod,light,GSK591,24 hr,36.44498185231892,0.8497918689614934
GKGGKGLGKGGAKR,Unmod,light,GSK591,9 hr,36.7953739765859,0.20381151681371656
KQLATKAAR,K18ac,heavy,DMSO,24 hr,15.553541163410637,0.9524268988602974
KQLATKAAR,K18ac,heavy,DMSO,9 hr,20.43067657885895,1.2677475232041495
KQLATKAAR,K18ac,heavy,GSK591,24 hr,17.183927946528563,0.9692343444397696
KQLATKAAR,K18ac,heavy,GSK591,9 hr,20.820340319901806,1.4666856561236707
KQLATKAAR,K18ac,light,DMSO,24 hr,9.123077093574164,6.128330677374974
KQLATKAAR,K18ac,light,DMSO,9 hr,14.201117577408684,0.9134000129410523
KQLATKAAR,K18ac,light,GSK591,24 hr,12.925945427979935,1.0238196380133302
KQLATKAAR,K18ac,light,GSK591,9 hr,14.105460235447293,0.7483173662971236
KQLATKAAR,K18acK23ac,heavy,DMSO,24 hr,0.7309188666462507,0.4695412995380097
KQLATKAAR,K18acK23ac,heavy,DMSO,9 hr,1.4117349816832974,0.13259637568691993
KQLATKAAR,K18acK23ac,heavy,GSK591,24 hr,1.1273491115840104,0.11638930705181554
KQLATKAAR,K18acK23ac,heavy,GSK591,9 hr,1.6261413599348415,0.33056393115862737
KQLATKAAR,K18acK23ac,light,DMSO,24 hr,0.3423935644140479,0.26338014077583544
KQLATKAAR,K18acK23ac,light,DMSO,9 hr,0.7462817638173789,0.0430404003402493
KQLATKAAR,K18acK23ac,light,GSK591,24 hr,0.6446745741191636,0.02894822425818133
KQLATKAAR,K18acK23ac,light,GSK591,9 hr,0.781162236975837,0.16329067412473852
KQLATKAAR,K18me1,heavy,DMSO,24 hr,0.2530926980238469,0.11786734349126199
KQLATKAAR,K18me1,heavy,DMSO,9 hr,0.05525902502227526,0.07172537833436474
KQLATKAAR,K18me1,heavy,GSK591,24 hr,0.23767990981178042,0.12374804666344798
KQLATKAAR,K18me1,heavy,GSK591,9 hr,0.016999795195780584,0.03399959039156117
KQLATKAAR,K18me1,light,DMSO,24 hr,19.56178755649055,7.366559260797644
KQLATKAAR,K18me1,light,DMSO,9 hr,9.902658912649128,4.436994652281168
KQLATKAAR,K18me1,light,GSK591,24 hr,15.814813776219061,3.1559956444494506
KQLATKAAR,K18me1,light,GSK591,9 hr,10.192396472414552,3.9471309919794884
KQLATKAAR,K18me1K23me1,heavy,DMSO,24 hr,14.786916517163393,9.621722043802903
KQLATKAAR,K18me1K23me1,heavy,DMSO,9 hr,6.257855919830412,3.7549688700483403
KQLATKAAR,K18me1K23me1,heavy,GSK591,24 hr,12.773050313863752,9.146502670031332
KQLATKAAR,K18me1K23me1,heavy,GSK591,9 hr,9.337384950908344,8.394565504102788
KQLATKAAR,K18me1K23me1,light,DMSO,24 hr,3.695058786180372,1.8582813730335295
KQLATKAAR,K18me1K23me1,light,DMSO,9 hr,0.8367404093462247,0.3193295147487673
KQLATKAAR,K18me1K23me1,light,GSK591,24 hr,3.2822551645175073,1.4577219046052439
KQLATKAAR,K18me1K23me1,light,GSK591,9 hr,1.3944288587432299,0.8110311278256983
KQLATKAAR,K23ac,heavy,DMSO,24 hr,16.375607686210824,1.089820742080594
KQLATKAAR,K23ac,heavy,DMSO,9 hr,20.450002743204827,1.2528706585477285
KQLATKAAR,K23ac,heavy,GSK591,24 hr,17.042625372683567,1.3784628602903675
KQLATKAAR,K23ac,heavy,GSK591,9 hr,20.03536789732177,0.6262604270372817
KQLATKAAR,K23ac,light,DMSO,24 hr,11.809220447170063,1.0179068030023908
KQLATKAAR,K23ac,light,DMSO,9 hr,14.301665958475045,0.8357879672269429
KQLATKAAR,K23ac,light,GSK591,24 hr,12.96841030337029,0.7130890837504229
KQLATKAAR,K23ac,light,GSK591,9 hr,13.775011545714822,1.057071538063002
KQLATKAAR,K23me1,heavy,DMSO,24 hr,0.23391157886729688,0.14851864156996963
KQLATKAAR,K23me1,heavy,DMSO,9 hr,0.01735540031484333,0.023061607563397552
KQLATKAAR,K23me1,heavy,GSK591,24 hr,0.251979911695752,0.07852779795333763
KQLATKAAR,K23me1,heavy,GSK591,9 hr,0.08851644887745966,0.017370484751005222
KQLATKAAR,K23me1,light,DMSO,24 hr,7.044516287827506,2.3249887235465327
KQLATKAAR,K23me1,light,DMSO,9 hr,2.1255250789944853,0.7702317246726963
KQLATKAAR,K23me1,light,GSK591,24 hr,4.873601854633055,1.640720065097349
KQLATKAAR,K23me1,light,GSK591,9 hr,3.8232711290511894,2.3915907068938917
KQLATKAAR,Unmod,heavy,DMSO,24 hr,52.06601148967775,9.213344664404206
KQLATKAAR,Unmod,heavy,DMSO,9 hr,51.377115351085386,4.71759860874036
KQLATKAAR,Unmod,heavy,GSK591,24 hr,51.383387433832574,8.795520018197466
KQLATKAAR,Unmod,heavy,GSK591,9 hr,48.07524922786,6.900495622683638
KQLATKAAR,Unmod,light,DMSO,24 hr,48.4239462643433,5.566057334720424
KQLATKAAR,Unmod,light,DMSO,9 hr,57.886010299309056,4.771928179228077
KQLATKAAR,Unmod,light,GSK591,24 hr,49.49029889916099,4.920933375445293
KQLATKAAR,Unmod,light,GSK591,9 hr,55.92826952165308,5.989109502429235
KSAPATGGVKKPHR,K27me1K36me1,heavy,DMSO,24 hr,7.565044675447819,14.649765531647326
KSAPATGGVKKPHR,K27me1K36me1,heavy,DMSO,9 hr,0.32545830058891445,0.6509166011778289
KSAPATGGVKKPHR,K27me1K36me1,heavy,GSK591,24 hr,0,0
KSAPATGGVKKPHR,K27me1K36me1,heavy,GSK591,9 hr,1.6888199723797601,3.0552166814665047
KSAPATGGVKKPHR,K27me1K36me1,light,DMSO,24 hr,0,0
KSAPATGGVKKPHR,K27me1K36me1,light,DMSO,9 hr,0,0
KSAPATGGVKKPHR,K27me1K36me1,light,GSK591,24 hr,0,0
KSAPATGGVKKPHR,K27me1K36me1,light,GSK591,9 hr,0,0
KSAPATGGVKKPHR,K27me1K36me2,heavy,DMSO,24 hr,8.762983245844666,2.5236908692852955
KSAPATGGVKKPHR,K27me1K36me2,heavy,DMSO,9 hr,7.695627553339163,1.3016793076195752
KSAPATGGVKKPHR,K27me1K36me2,heavy,GSK591,24 hr,9.094270123453416,3.0893169717620483
KSAPATGGVKKPHR,K27me1K36me2,heavy,GSK591,9 hr,8.297231831644531,1.252853051429327
KSAPATGGVKKPHR,K27me1K36me2,light,DMSO,24 hr,1.993009432560826,0.18877510169142717
KSAPATGGVKKPHR,K27me1K36me2,light,DMSO,9 hr,4.722115831856387,1.3298762036685485
KSAPATGGVKKPHR,K27me1K36me2,light,GSK591,24 hr,2.4452135020968386,1.9226091685348388
KSAPATGGVKKPHR,K27me1K36me2,light,GSK591,9 hr,4.93945785629423,0.7277797678360417
KSAPATGGVKKPHR,K27me1K36me3,heavy,DMSO,24 hr,4.400504279123523,2.6343354376323154
KSAPATGGVKKPHR,K27me1K36me3,heavy,DMSO,9 hr,16.529201806130324,9.029823712954412
KSAPATGGVKKPHR,K27me1K36me3,heavy,GSK591,24 hr,6.617397670329415,4.553278490628174
KSAPATGGVKKPHR,K27me1K36me3,heavy,GSK591,9 hr,19.24130394056067,4.71332990268584
KSAPATGGVKKPHR,K27me1K36me3,light,DMSO,24 hr,2.42340516966857,0.8195806835377794
KSAPATGGVKKPHR,K27me1K36me3,light,DMSO,9 hr,3.874534191810469,1.0383568614741776
KSAPATGGVKKPHR,K27me1K36me3,light,GSK591,24 hr,1.9060533709806857,1.594330860955307
KSAPATGGVKKPHR,K27me1K36me3,light,GSK591,9 hr,3.845197791050858,0.6208180660899068
KSAPATGGVKKPHR,K27me2,heavy,DMSO,24 hr,31.524129987837725,3.8521072659483377
KSAPATGGVKKPHR,K27me2,heavy,DMSO,9 hr,38.62690293144206,1.7904102124925245
KSAPATGGVKKPHR,K27me2,heavy,GSK591,24 hr,37.43996639153897,7.758746264851315
KSAPATGGVKKPHR,K27me2,heavy,GSK591,9 hr,36.714633503556634,2.3267794737220466
KSAPATGGVKKPHR,K27me2,light,DMSO,24 hr,9.185776024064216,2.26957947953984
KSAPATGGVKKPHR,K27me2,light,DMSO,9 hr,19.18508479741844,4.167164199141468
KSAPATGGVKKPHR,K27me2,light,GSK591,24 hr,10.148359867262528,5.2406660107745475
KSAPATGGVKKPHR,K27me2,light,GSK591,9 hr,17.928807454946465,3.5402777432921
KSAPATGGVKKPHR,K27me2K36me1,heavy,DMSO,24 hr,13.529793278787142,2.0347039397911675
KSAPATGGVKKPHR,K27me2K36me1,heavy,DMSO,9 hr,9.34085474081729,2.410051602894997
KSAPATGGVKKPHR,K27me2K36me1,heavy,GSK591,24 hr,13.460886144856984,1.940817642503926
KSAPATGGVKKPHR,K27me2K36me1,heavy,GSK591,9 hr,8.201489511544379,1.8983431502813395
KSAPATGGVKKPHR,K27me2K36me1,light,DMSO,24 hr,3.9451427141827127,1.1823535143201598
KSAPATGGVKKPHR,K27me2K36me1,light,DMSO,9 hr,10.031791382280465,1.999561031835406
KSAPATGGVKKPHR,K27me2K36me1,light,GSK591,24 hr,4.426519673483638,2.75858578954973
KSAPATGGVKKPHR,K27me2K36me1,light,GSK591,9 hr,8.64303195379383,1.753608077537224
KSAPATGGVKKPHR,K27me2K36me2,heavy,DMSO,24 hr,7.572578335136642,1.731054139236743
KSAPATGGVKKPHR,K27me2K36me2,heavy,DMSO,9 hr,1.3307926160771522,0.5702332260140385
KSAPATGGVKKPHR,K27me2K36me2,heavy,GSK591,24 hr,7.292399425892753,1.82372931957023
KSAPATGGVKKPHR,K27me2K36me2,heavy,GSK591,9 hr,0.6037928695890873,0.4396385235632672
KSAPATGGVKKPHR,K27me2K36me2,light,DMSO,24 hr,5.150444335486639,1.3517574451075154
KSAPATGGVKKPHR,K27me2K36me2,light,DMSO,9 hr,10.246294185060837,1.2231615483178426
KSAPATGGVKKPHR,K27me2K36me2,light,GSK591,24 hr,5.6339288523135735,3.1251680167274762
KSAPATGGVKKPHR,K27me2K36me2,light,GSK591,9 hr,9.228344344394605,1.1301623382601407
KSAPATGGVKKPHR,K27me3,heavy,DMSO,24 hr,5.07167748448321,1.9710353674074883
KSAPATGGVKKPHR,K27me3,heavy,DMSO,9 hr,0.99103019472486,0.7185267004532768
KSAPATGGVKKPHR,K27me3,heavy,GSK591,24 hr,5.117957505961268,1.480770791499132
KSAPATGGVKKPHR,K27me3,heavy,GSK591,9 hr,0.8281209536437619,0.959384924278305
KSAPATGGVKKPHR,K27me3,light,DMSO,24 hr,3.7409817664694502,0.9703458517374305
KSAPATGGVKKPHR,K27me3,light,DMSO,9 hr,8.460713188781122,1.5907483349197764
KSAPATGGVKKPHR,K27me3,light,GSK591,24 hr,4.6590729502382935,2.7698193884610594
KSAPATGGVKKPHR,K27me3,light,GSK591,9 hr,7.752879908113165,1.1452918088721546
KSAPATGGVKKPHR,K27me3K36me1,heavy,DMSO,24 hr,0.21652766619887115,0.3191449364870899
KSAPATGGVKKPHR,K27me3K36me1,heavy,DMSO,9 hr,0.1810586225253096,0.3621172450506192
KSAPATGGVKKPHR,K27me3K36me1,heavy,GSK591,24 hr,0.040721450871985206,0.08144290174397041
KSAPATGGVKKPHR,K27me3K36me1,heavy,GSK591,9 hr,0.3535470473033135,0.707094094606627
KSAPATGGVKKPHR,K27me3K36me1,light,DMSO,24 hr,66.86881653938148,8.456797581392149
KSAPATGGVKKPHR,K27me3K36me1,light,DMSO,9 hr,28.738592738115578,13.660121828852107
KSAPATGGVKKPHR,K27me3K36me1,light,GSK591,24 hr,63.906891741016864,21.548936873602084
KSAPATGGVKKPHR,K27me3K36me1,light,GSK591,9 hr,34.52411702755898,11.145504229405072
KSAPATGGVKKPHR,K27me3K36me2,heavy,DMSO,24 hr,0.24339028986312897,0.1905764425910416
KSAPATGGVKKPHR,K27me3K36me2,heavy,DMSO,9 hr,0,0
KSAPATGGVKKPHR,K27me3K36me2,heavy,GSK591,24 hr,0.26907697081894444,0.3162803821566753
KSAPATGGVKKPHR,K27me3K36me2,heavy,GSK591,9 hr,0,0
KSAPATGGVKKPHR,K27me3K36me2,light,DMSO,24 hr,2.2531175621013397,1.3110257433676191
KSAPATGGVKKPHR,K27me3K36me2,light,DMSO,9 hr,2.8184589577288928,0.5310900005709912
KSAPATGGVKKPHR,K27me3K36me2,light,GSK591,24 hr,1.8311759842272795,1.188418018230293
KSAPATGGVKKPHR,K27me3K36me2,light,GSK591,9 hr,2.6855412160367096,0.33228881940654087
KSAPATGGVKKPHR,K36me2,heavy,DMSO,24 hr,7.4122345019381175,0.7585396914426988
KSAPATGGVKKPHR,K36me2,heavy,DMSO,9 hr,15.638220844814944,2.215320011224414
KSAPATGGVKKPHR,K36me2,heavy,GSK591,24 hr,7.206436711638725,1.2553996071056575
KSAPATGGVKKPHR,K36me2,heavy,GSK591,9 hr,15.68615809711818,1.2702781821688676
KSAPATGGVKKPHR,K36me2,light,DMSO,24 hr,0.41430408783813855,0.26315635432096574
KSAPATGGVKKPHR,K36me2,light,DMSO,9 hr,1.7791987969122678,0.616972894795579
KSAPATGGVKKPHR,K36me2,light,GSK591,24 hr,0.6070667256836382,0.7172962424155573
KSAPATGGVKKPHR,K36me2,light,GSK591,9 hr,1.8095861150322707,0.627424796036496
KSAPATGGVKKPHR,K36me3,heavy,DMSO,24 hr,13.701136255339156,2.1404499138226734
KSAPATGGVKKPHR,K36me3,heavy,DMSO,9 hr,9.340852389539988,2.410049742536788
KSAPATGGVKKPHR,K36me3,heavy,GSK591,24 hr,13.460887604637541,1.940818462222337
KSAPATGGVKKPHR,K36me3,heavy,GSK591,9 hr,8.38490227265968,2.1062230524369903
KSAPATGGVKKPHR,K36me3,light,DMSO,24 hr,4.02500236824662,1.3291332873525208
KSAPATGGVKKPHR,K36me3,light,DMSO,9 hr,10.143215930035536,2.0376178421075104
KSAPATGGVKKPHR,K36me3,light,GSK591,24 hr,4.43571733269666,2.7688119056011806
KSAPATGGVKKPHR,K36me3,light,GSK591,9 hr,8.643036332778893,1.7536037498633297
KSTGGKAPR,K14ac,heavy,DMSO,24 hr,11.474161687526857,3.0905175907001734
KSTGGKAPR,K14ac,heavy,DMSO,9 hr,17.49425270395494,2.0453134698452047
KSTGGKAPR,K14ac,heavy,GSK591,24 hr,10.873107446738075,3.008051471443013
KSTGGKAPR,K14ac,heavy,GSK591,9 hr,17.679206708230375,3.1890185907029984
KSTGGKAPR,K14ac,light,DMSO,24 hr,2.7867467717377443,0.8627604105148329
KSTGGKAPR,K14ac,light,DMSO,9 hr,3.52506729662088,0.30608621906989675
KSTGGKAPR,K14ac,light,GSK591,24 hr,2.9431723333861584,0.7363429176252495
KSTGGKAPR,K14ac,light,GSK591,9 hr,2.7308091615527497,0.20320981773992153
KSTGGKAPR,K9ac,heavy,DMSO,24 hr,10.648240235440442,2.771596668999195
KSTGGKAPR,K9ac,heavy,DMSO,9 hr,16.278019432537945,1.3078473566832272
KSTGGKAPR,K9ac,heavy,GSK591,24 hr,10.379423552578649,2.625324504974509
KSTGGKAPR,K9ac,heavy,GSK591,9 hr,17.032805862286075,2.781211079182782
KSTGGKAPR,K9ac,light,DMSO,24 hr,2.664170953418431,0.5379927230278113
KSTGGKAPR,K9ac,light,DMSO,9 hr,2.7920249561983446,0.346637342833488
KSTGGKAPR,K9ac,light,GSK591,24 hr,2.6380326884867626,0.47093925777894935
KSTGGKAPR,K9ac,light,GSK591,9 hr,2.748066478618779,0.2296499822501446
KSTGGKAPR,K9acK14ac,heavy,DMSO,24 hr,4.226604145206735,1.1285637924376417
KSTGGKAPR,K9acK14ac,heavy,DMSO,9 hr,16.70367339855998,7.900183368394688
KSTGGKAPR,K9acK14ac,heavy,GSK591,24 hr,3.6837624044383492,3.3546247381296648
KSTGGKAPR,K9acK14ac,heavy,GSK591,9 hr,13.986983359047187,9.980684094896759
KSTGGKAPR,K9acK14ac,light,DMSO,24 hr,0.01913666802746245,0.022200950638754092
KSTGGKAPR,K9acK14ac,light,DMSO,9 hr,0.009708016449711934,0.011212733640607202
KSTGGKAPR,K9acK14ac,light,GSK591,24 hr,0,0
KSTGGKAPR,K9acK14ac,light,GSK591,9 hr,0.1015398565066973,0.2030797130133946
KSTGGKAPR,K9me1,heavy,DMSO,24 hr,0.5738796704632056,0.2344526020772816
KSTGGKAPR,K9me1,heavy,DMSO,9 hr,0.4910844496940476,0.23647499596714328
KSTGGKAPR,K9me1,heavy,GSK591,24 hr,0.42061068993429196,0.13263004877838672
KSTGGKAPR,K9me1,heavy,GSK591,9 hr,0.4822239501633805,0.4085685257418194
KSTGGKAPR,K9me1,light,DMSO,24 hr,8.520190037659592,2.006663137672541
KSTGGKAPR,K9me1,light,DMSO,9 hr,6.780787514837537,3.3861106319295127
KSTGGKAPR,K9me1,light,GSK591,24 hr,10.678555513085515,3.098326773986707
KSTGGKAPR,K9me1,light,GSK591,9 hr,7.5349605023353226,3.9309282954090734
KSTGGKAPR,K9me2,heavy,DMSO,24 hr,39.853079637835414,2.071563781976785
KSTGGKAPR,K9me2,heavy,DMSO,9 hr,27.201105504178873,4.681157235452072
KSTGGKAPR,K9me2,heavy,GSK591,24 hr,40.00943348253136,1.0604132905726795
KSTGGKAPR,K9me2,heavy,GSK591,9 hr,29.57050303185101,5.4872309205694645
KSTGGKAPR,K9me2,light,DMSO,24 hr,29.782374499315246,3.570426473272696
KSTGGKAPR,K9me2,light,DMSO,9 hr,34.4525998092531,3.422514407942714
KSTGGKAPR,K9me2,light,GSK591,24 hr,29.219153012592535,3.2232387776210416
KSTGGKAPR,K9me2,light,GSK591,9 hr,32.319373019567934,3.0587808372817884
KSTGGKAPR,K9me2K14ac,heavy,DMSO,24 hr,14.11765826695246,1.088192725742091
KSTGGKAPR,K9me2K14ac,heavy,DMSO,9 hr,9.591108922092738,0.3623795760843394
KSTGGKAPR,K9me2K14ac,heavy,GSK591,24 hr,14.910246696123064,1.3816760251151612
KSTGGKAPR,K9me2K14ac,heavy,GSK591,9 hr,10.526286314372706,1.2483118832391151
KSTGGKAPR,K9me2K14ac,light,DMSO,24 hr,11.268258093305187,0.5983907587275309
KSTGGKAPR,K9me2K14ac,light,DMSO,9 hr,12.054273406997552,0.3499257841848728
KSTGGKAPR,K9me2K14ac,light,GSK591,24 hr,11.901954682634361,0.4666740776532451
KSTGGKAPR,K9me2K14ac,light,GSK591,9 hr,12.232678467290215,0.5470423194513854
KSTGGKAPR,K9me3,heavy,DMSO,24 hr,15.247384245425462,3.580604409299485
KSTGGKAPR,K9me3,heavy,DMSO,9 hr,5.9881650496479715,0.9066372218822667
KSTGGKAPR,K9me3,heavy,GSK591,24 hr,15.667032657636017,3.722939297333707
KSTGGKAPR,K9me3,heavy,GSK591,9 hr,6.145440971873238,1.7981842339948608
KSTGGKAPR,K9me3,light,DMSO,24 hr,23.312474805004047,5.583599662607978
KSTGGKAPR,K9me3,light,DMSO,9 hr,25.697733522619302,3.8690050027404728
KSTGGKAPR,K9me3,light,GSK591,24 hr,23.16677509954373,6.4767793266098215
KSTGGKAPR,K9me3,light,GSK591,9 hr,24.63027094394096,6.263608862629503
KSTGGKAPR,K9me3K14ac,heavy,DMSO,24 hr,3.1837865690760214,0.5639148067507505
KSTGGKAPR,K9me3K14ac,heavy,DMSO,9 hr,1.0774176726674898,0.1493564487103412
KSTGGKAPR,K9me3K14ac,heavy,GSK591,24 hr,3.374074702195004,0.35389218497298763
KSTGGKAPR,K9me3K14ac,heavy,GSK591,9 hr,1.25843004383325,0.2573787315134409
KSTGGKAPR,K9me3K14ac,light,DMSO,24 hr,5.764867591793193,1.1188361959621016
KSTGGKAPR,K9me3K14ac,light,DMSO,9 hr,5.1465895510503525,0.43474048476180566
KSTGGKAPR,K9me3K14ac,light,GSK591,24 hr,5.745445622725481,1.0261679449345418
KSTGGKAPR,K9me3K14ac,light,GSK591,9 hr,5.558770714535456,0.6195769919057458
KSTGGKAPR,K9meK14ac,heavy,DMSO,24 hr,0.35265816992568577,0.2035140669973555
KSTGGKAPR,K9meK14ac,heavy,DMSO,9 hr,1.0152024114080478,0.9689370741501193
KSTGGKAPR,K9meK14ac,heavy,GSK591,24 hr,0.11458958878344164,0.08711480750164335
KSTGGKAPR,K9meK14ac,heavy,GSK591,9 hr,0.9781474677291222,0.641235076250034
KSTGGKAPR,K9meK14ac,light,DMSO,24 hr,1.4476559969377436,0.18716778374135679
KSTGGKAPR,K9meK14ac,light,DMSO,9 hr,1.0246391215736659,0.6322775885631696
KSTGGKAPR,K9meK14ac,light,GSK591,24 hr,1.0950293783930747,0.4299561231802362
KSTGGKAPR,K9meK14ac,light,GSK591,9 hr,1.346422417425039,0.46921552954359586
KSTGGKAPR,Unmod,heavy,DMSO,24 hr,0.3225473721477172,0.15532773240438807
KSTGGKAPR,Unmod,heavy,DMSO,9 hr,4.159970455257962,2.3287736754696735
KSTGGKAPR,Unmod,heavy,GSK591,24 hr,0.5677187790417546,0.09088678551731327
KSTGGKAPR,Unmod,heavy,GSK591,9 hr,2.3399722906136566,1.7115539787964724
KSTGGKAPR,Unmod,light,DMSO,24 hr,14.434124582801353,7.451881815767396
KSTGGKAPR,Unmod,light,DMSO,9 hr,8.516576804399559,4.138001382199306
KSTGGKAPR,Unmod,light,GSK591,24 hr,12.611881669152384,6.338439875396
KSTGGKAPR,Unmod,light,GSK591,9 hr,10.797108438226848,5.1111868288465
KVLR,K20ac,heavy,DMSO,24 hr,16.34195970825141,5.298375588284646
KVLR,K20ac,heavy,DMSO,9 hr,42.852383613110284,17.870658301488625
KVLR,K20ac,heavy,GSK591,24 hr,22.889801002738057,9.134045334899252
KVLR,K20ac,heavy,GSK591,9 hr,67.41176330661023,7.31251231390638
KVLR,K20ac,light,DMSO,24 hr,0.12361563814994674,0.24723127629989347
KVLR,K20ac,light,DMSO,9 hr,0.06415863659465354,0.12831727318930708
KVLR,K20ac,light,GSK591,24 hr,0.29907430468374485,0.3587319126770989
KVLR,K20ac,light,GSK591,9 hr,0.8967861736800874,1.7935723473601748
KVLR,K20me1,heavy,DMSO,24 hr,0.7119760077743728,0.7849493158351181
KVLR,K20me1,heavy,DMSO,9 hr,1.0079105150184728,2.0158210300369457
KVLR,K20me1,heavy,GSK591,24 hr,0.1893027972216555,0.23508736039487582
KVLR,K20me1,heavy,GSK591,9 hr,0.8366751373195755,1.4797863858205296
KVLR,K20me1,light,DMSO,24 hr,0,0
KVLR,K20me1,light,DMSO,9 hr,0,0
KVLR,K20me1,light,GSK591,24 hr,0.2768955007423462,0.5537910014846924
KVLR,K20me1,light,GSK591,9 hr,0,0
KVLR,K20me2,heavy,DMSO,24 hr,81.88693487643373,5.879546598486446
KVLR,K20me2,heavy,DMSO,9 hr,56.11772616719512,16.717650077320826
KVLR,K20me2,heavy,GSK591,24 hr,76.62703734620953,8.821579633497908
KVLR,K20me2,heavy,GSK591,9 hr,31.252018607086583,8.709210077591448
KVLR,K20me2,light,DMSO,24 hr,0.018402004467743156,0.03680400893548631
KVLR,K20me2,light,DMSO,9 hr,1.2714485954977683,0.5979164255154253
KVLR,K20me2,light,GSK591,24 hr,0.4563591601114046,0.6868642440469301
KVLR,K20me2,light,GSK591,9 hr,1.5945188505422558,0.4883873930202035
KVLR,K20me3,heavy,DMSO,24 hr,0.5563392351397302,0.4197694193715966
KVLR,K20me3,heavy,DMSO,9 hr,0.021979704676127428,0.043959409352254855
KVLR,K20me3,heavy,GSK591,24 hr,0.21491229958410632,0.11418055717224891
KVLR,K20me3,heavy,GSK591,9 hr,0.4995429489836237,0.6698584820318548
KVLR,K20me3,light,DMSO,24 hr,27.412297232110067,28.34962338737528
KVLR,K20me3,light,DMSO,9 hr,28.7871488332744,2.9886010190168255
KVLR,K20me3,light,GSK591,24 hr,21.66625059290955,11.878005309503259
KVLR,K20me3,light,GSK591,9 hr,45.08648894828055,26.712632986497134
KVLR,unmod,heavy,DMSO,24 hr,0.502790172400752,0.702460473365923
KVLR,unmod,heavy,DMSO,9 hr,0,0
KVLR,unmod,heavy,GSK591,24 hr,0.07894655424663939,0.15789310849327878
KVLR,unmod,heavy,GSK591,9 hr,0,0
KVLR,unmod,light,DMSO,24 hr,72.44568512527223,28.255813982697468
KVLR,unmod,light,DMSO,9 hr,69.87724393463317,3.617940722445858
KVLR,unmod,light,GSK591,24 hr,77.30142044155295,11.733046795576058
KVLR,unmod,light,GSK591,9 hr,52.42220602749711,27.89325687129491
TKQTAR,K4ac,heavy,DMSO,24 hr,0.09015821164302254,0.06702363408629222
TKQTAR,K4ac,heavy,DMSO,9 hr,0.8727742442545566,0.2399499383896373
TKQTAR,K4ac,heavy,GSK591,24 hr,0.16259314646470607,0.1620282102800351
TKQTAR,K4ac,heavy,GSK591,9 hr,0.5190939962830807,0.22165267163494975
TKQTAR,K4ac,light,DMSO,24 hr,0.10523052090005541,0.018108392105934637
TKQTAR,K4ac,light,DMSO,9 hr,0.16110439518644107,0.09217651592224266
TKQTAR,K4ac,light,GSK591,24 hr,0.12341502175805572,0.08176886263281025
TKQTAR,K4ac,light,GSK591,9 hr,0.17340565560923718,0.08258950200973768
TKQTAR,K4me1,heavy,DMSO,24 hr,13.20914293214583,0.7015769937560414
TKQTAR,K4me1,heavy,DMSO,9 hr,9.113125752856375,1.9547404797266896
TKQTAR,K4me1,heavy,GSK591,24 hr,13.125123238584118,1.2713689271383288
TKQTAR,K4me1,heavy,GSK591,9 hr,8.856257463925495,2.361169638464121
TKQTAR,K4me1,light,DMSO,24 hr,20.50609533424799,1.4380352091622475
TKQTAR,K4me1,light,DMSO,9 hr,24.24602428273875,3.0175847598447203
TKQTAR,K4me1,light,GSK591,24 hr,19.099669727655797,0.8523102494325436
TKQTAR,K4me1,light,GSK591,9 hr,22.57888682100362,2.2536143889932956
TKQTAR,K4me2,heavy,DMSO,24 hr,3.670228401388044,0.4490071706904911
TKQTAR,K4me2,heavy,DMSO,9 hr,4.679714577619087,0.8246226738090663
TKQTAR,K4me2,heavy,GSK591,24 hr,3.1658804270801575,0.3069338962886783
TKQTAR,K4me2,heavy,GSK591,9 hr,3.982728724693995,1.2836567989521401
TKQTAR,K4me2,light,DMSO,24 hr,2.9021045200969713,0.30238101897808195
TKQTAR,K4me2,light,DMSO,9 hr,3.8364042527362594,0.4650976344171449
TKQTAR,K4me2,light,GSK591,24 hr,2.83469454693351,0.5081725773577934
TKQTAR,K4me2,light,GSK591,9 hr,3.2991945450724196,0.9429867971067044
TKQTAR,K4me3,heavy,DMSO,24 hr,1.3409818175751569,0.12633523766555274
TKQTAR,K4me3,heavy,DMSO,9 hr,2.372841898277861,0.25011356192369816
TKQTAR,K4me3,heavy,GSK591,24 hr,1.3922154614537066,0.2289352860692924
TKQTAR,K4me3,heavy,GSK591,9 hr,2.520391709818655,0.5385226616910335
TKQTAR,K4me3,light,DMSO,24 hr,0.9908276228168369,0.18265425634824586
TKQTAR,K4me3,light,DMSO,9 hr,1.812875009211874,0.2920581969997603
TKQTAR,K4me3,light,GSK591,24 hr,1.0908066866353077,0.18386654793264604
TKQTAR,K4me3,light,GSK591,9 hr,1.6647107369382281,0.05946579829370016
TKQTAR,unmod,heavy,DMSO,24 hr,81.68948863724795,0.9240398045316908
TKQTAR,unmod,heavy,DMSO,9 hr,82.96154352699213,1.3123504575624578
TKQTAR,unmod,heavy,GSK591,24 hr,82.15418772641732,1.6311819287685485
TKQTAR,unmod,heavy,GSK591,9 hr,84.12152810527877,1.530187050357796
TKQTAR,unmod,light,DMSO,24 hr,75.49574200193814,1.7136086296136952
TKQTAR,unmod,light,DMSO,9 hr,69.94359206012668,2.628031398214112
TKQTAR,unmod,light,GSK591,24 hr,76.85141401701733,1.5049062851889938
TKQTAR,unmod,light,GSK591,9 hr,72.28380224137649,3.0511492561681166
YQKSTELLIR,K56ac,heavy,DMSO,24 hr,1.190552659483015,0.8285016114207551
YQKSTELLIR,K56ac,heavy,DMSO,9 hr,5.357300416283863,1.9334465781952488
YQKSTELLIR,K56ac,heavy,GSK591,24 hr,1.1984247507246963,1.354830404795425
YQKSTELLIR,K56ac,heavy,GSK591,9 hr,6.062721532656427,3.8132382091788384
YQKSTELLIR,K56ac,light,DMSO,24 hr,5.700651595590089,4.864402900190333
YQKSTELLIR,K56ac,light,DMSO,9 hr,2.964186059541468,0.5004711433090194
YQKSTELLIR,K56ac,light,GSK591,24 hr,2.512060905105022,3.400650332793697
YQKSTELLIR,K56ac,light,GSK591,9 hr,2.596374986078364,1.3329806292362298
YQKSTELLIR,K56me1,heavy,DMSO,24 hr,21.233760878615858,5.020562938005897
YQKSTELLIR,K56me1,heavy,DMSO,9 hr,41.260625743591376,6.1148854007753
YQKSTELLIR,K56me1,heavy,GSK591,24 hr,26.182791484841452,5.87038330777385
YQKSTELLIR,K56me1,heavy,GSK591,9 hr,38.12504719709335,4.607853938689192
YQKSTELLIR,K56me1,light,DMSO,24 hr,57.625355238600505,9.714318392743106
YQKSTELLIR,K56me1,light,DMSO,9 hr,76.67181563336057,12.802511256528218
YQKSTELLIR,K56me1,light,GSK591,24 hr,63.38601407781602,13.552066691204429
YQKSTELLIR,K56me1,light,GSK591,9 hr,74.52487392314882,4.493204004080579
YQKSTELLIR,K56me2,heavy,DMSO,24 hr,0,0
YQKSTELLIR,K56me2,heavy,DMSO,9 hr,0.33022833304754945,0.6604566660950989
YQKSTELLIR,K56me2,heavy,GSK591,24 hr,0,0
YQKSTELLIR,K56me2,heavy,GSK591,9 hr,0,0
YQKSTELLIR,K56me2,light,DMSO,24 hr,0.015574851258921512,0.031149702517843023
YQKSTELLIR,K56me2,light,DMSO,9 hr,0,0
YQKSTELLIR,K56me2,light,GSK591,24 hr,0.04030680420511315,0.0806136084102263
YQKSTELLIR,K56me2,light,GSK591,9 hr,0.025099940951638137,0.050199881903276275
YQKSTELLIR,K56me3,heavy,DMSO,24 hr,1.4080135555053677,2.409197122450785
YQKSTELLIR,K56me3,heavy,DMSO,9 hr,0.9880322109959683,1.1412265002494673
YQKSTELLIR,K56me3,heavy,GSK591,24 hr,0.2802940598697785,0.45801951587654594
YQKSTELLIR,K56me3,heavy,GSK591,9 hr,0.4540764877926535,0.5262742557188004
YQKSTELLIR,K56me3,light,DMSO,24 hr,0,0
YQKSTELLIR,K56me3,light,DMSO,9 hr,0.0994595378458938,0.11580292864121895
YQKSTELLIR,K56me3,light,GSK591,24 hr,0.05108676093114886,0.06419918683047614
YQKSTELLIR,K56me3,light,GSK591,9 hr,0,0
YQKSTELLIR,unmod,heavy,DMSO,24 hr,76.16767290639575,5.066399563392578
YQKSTELLIR,unmod,heavy,DMSO,9 hr,52.063813296081236,8.122813832348585
YQKSTELLIR,unmod,heavy,GSK591,24 hr,72.33848970456407,5.432354771059246
YQKSTELLIR,unmod,heavy,GSK591,9 hr,55.35815478245756,3.207039302645528
YQKSTELLIR,unmod,light,DMSO,24 hr,36.65841831455048,7.087985446474065
YQKSTELLIR,unmod,light,DMSO,9 hr,20.26453876925207,12.642862101641274
YQKSTELLIR,unmod,light,GSK591,24 hr,34.0105314519427,10.717233711632408
YQKSTELLIR,unmod,light,GSK591,9 hr,22.853651149821182,3.293654110162529
